Date,Open,High,Low,Close,Volume
2021-01-04,50.0,51.0,50.0,50.0,2209100
2021-01-05,50.0,51.0,50.0,50.0,9238400
2021-01-06,50.0,53.0,50.0,50.0,34096800
2021-01-07,50.0,51.0,50.0,50.0,7664200
2021-01-08,51.0,51.0,50.0,50.0,20335300
2021-01-11,50.0,51.0,50.0,51.0,20443300
2021-01-12,51.0,53.0,50.0,50.0,31894200
2021-01-13,50.0,51.0,50.0,51.0,10103600
2021-01-14,50.0,52.0,50.0,50.0,11806300
2021-01-15,50.0,52.0,50.0,50.0,10113300
2021-01-18,50.0,52.0,50.0,50.0,16098600
2021-01-19,50.0,51.0,50.0,50.0,12149200
2021-01-20,50.0,51.0,50.0,50.0,17128000
2021-01-21,50.0,51.0,50.0,50.0,4768600
2021-01-22,50.0,51.0,50.0,50.0,3111900
2021-01-25,50.0,51.0,50.0,50.0,1656500
2021-01-26,50.0,50.0,50.0,50.0,7868500
2021-01-27,50.0,50.0,50.0,50.0,308900
2021-01-28,50.0,50.0,50.0,50.0,45300
2021-01-29,50.0,50.0,50.0,50.0,146700
2021-02-01,50.0,50.0,50.0,50.0,2696600
2021-02-02,50.0,50.0,50.0,50.0,568900
2021-02-03,50.0,50.0,50.0,50.0,2133200
2021-02-04,50.0,50.0,50.0,50.0,88900
2021-02-05,50.0,50.0,50.0,50.0,2426000
2021-02-08,50.0,50.0,50.0,50.0,206100
2021-02-09,50.0,50.0,50.0,50.0,609700
2021-02-10,50.0,50.0,50.0,50.0,226400
2021-02-11,50.0,50.0,50.0,50.0,1282500
2021-02-15,50.0,50.0,50.0,50.0,92000
2021-02-16,50.0,50.0,50.0,50.0,362400
2021-02-17,67.0,67.0,50.0,50.0,557354500
2021-02-18,66.0,87.0,64.0,69.0,1225321800
2021-02-19,62.0,68.0,62.0,66.0,138244500
2021-02-22,59.0,66.0,58.0,62.0,159461300
2021-02-23,55.0,61.0,55.0,55.0,149681700
2021-02-24,62.0,69.0,52.0,55.0,587693800
2021-02-25,72.0,75.0,62.0,70.0,690265400
2021-02-26,70.0,80.0,67.0,72.0,682801300
2021-03-01,72.0,76.0,70.0,70.0,267480200
2021-03-02,69.0,74.0,68.0,73.0,225125200
2021-03-03,93.0,93.0,68.0,70.0,1271102500
2021-03-04,125.0,125.0,103.0,103.0,2010773700
2021-03-05,125.0,125.0,125.0,125.0,0
2021-03-08,117.0,151.0,117.0,135.0,1385186300
2021-03-09,109.0,116.0,109.0,109.0,31364000
2021-03-10,102.0,102.0,102.0,102.0,18216600
2021-03-12,100.0,118.0,95.0,95.0,1116597400
2021-03-15,96.0,106.0,96.0,100.0,216964200
2021-03-16,90.0,98.0,90.0,90.0,274995700
2021-03-17,102.0,102.0,84.0,90.0,1050781300
2021-03-18,95.0,104.0,95.0,102.0,350122900
2021-03-19,91.0,96.0,90.0,95.0,199378400
2021-03-22,85.0,94.0,85.0,91.0,203697800
2021-03-23,83.0,92.0,81.0,89.0,384685100
2021-03-24,89.0,92.0,80.0,84.0,303511600
2021-03-25,83.0,90.0,83.0,89.0,97865000
2021-03-26,83.0,85.0,80.0,81.0,67168800
2021-03-29,82.0,86.0,81.0,83.0,42730400
2021-03-30,81.0,87.0,80.0,82.0,92455100
2021-03-31,80.0,84.0,76.0,81.0,77337200
2021-04-01,81.0,81.0,79.0,80.0,27247900
2021-04-05,78.0,83.0,78.0,81.0,73459000
2021-04-06,73.0,79.0,73.0,78.0,127942200
2021-04-07,95.0,98.0,70.0,73.0,864859900
2021-04-08,94.0,104.0,91.0,97.0,671838200
2021-04-09,91.0,98.0,90.0,95.0,248680800
2021-04-12,95.0,103.0,91.0,91.0,474178500
2021-04-13,91.0,97.0,90.0,96.0,125196500
2021-04-14,90.0,94.0,89.0,91.0,114209300
2021-04-15,89.0,92.0,88.0,91.0,95556900
2021-04-16,88.0,92.0,88.0,89.0,104938400
2021-04-19,87.0,90.0,86.0,88.0,52239700
2021-04-20,88.0,89.0,84.0,87.0,68786000
2021-04-21,88.0,90.0,86.0,88.0,54453900
2021-04-22,86.0,89.0,85.0,87.0,53374600
2021-04-23,83.0,87.0,83.0,86.0,44591600
2021-04-26,85.0,87.0,82.0,82.0,68106500
2021-04-27,84.0,87.0,83.0,85.0,43087300
2021-04-28,85.0,89.0,83.0,84.0,94800500
2021-04-29,88.0,89.0,84.0,85.0,176509600
2021-04-30,87.0,92.0,86.0,88.0,142281700
2021-05-03,87.0,90.0,85.0,87.0,105556800
2021-05-04,90.0,91.0,87.0,87.0,203501700
2021-05-05,97.0,97.0,89.0,91.0,288200000
2021-05-06,93.0,99.0,91.0,97.0,250206500
2021-05-07,91.0,95.0,90.0,92.0,125228100
2021-05-10,90.0,93.0,88.0,91.0,94278300
2021-05-11,90.0,91.0,88.0,90.0,75634100
2021-05-17,85.0,91.0,85.0,90.0,96919900
2021-05-18,85.0,87.0,83.0,84.0,91379500
2021-05-19,87.0,88.0,84.0,85.0,106990400
2021-05-20,90.0,91.0,86.0,87.0,121686900
2021-05-21,112.0,120.0,89.0,90.0,1617300900
2021-05-24,125.0,133.0,112.0,112.0,1481299500
2021-05-25,120.0,128.0,117.0,125.0,621771000
2021-05-27,162.0,162.0,124.0,127.0,1737423500
2021-05-28,165.0,208.0,153.0,165.0,2886433500
2021-05-31,184.0,189.0,166.0,168.0,1077192600
2021-06-02,192.0,195.0,180.0,187.0,580037400
2021-06-03,242.0,252.0,192.0,192.0,1949836800
2021-06-04,294.0,294.0,242.0,242.0,2164031700
2021-06-07,366.0,366.0,300.0,300.0,1453546200
2021-06-08,368.0,450.0,342.0,380.0,1807935700
2021-06-09,410.0,416.0,366.0,370.0,1529052000
2021-06-10,410.0,410.0,410.0,410.0,0
2021-06-11,386.0,430.0,382.0,412.0,692118800
2021-06-14,376.0,426.0,362.0,392.0,916306500
2021-06-15,350.0,382.0,350.0,376.0,409991700
2021-06-16,326.0,340.0,326.0,340.0,33978000
2021-06-17,304.0,304.0,304.0,304.0,41319900
2021-06-18,322.0,350.0,284.0,284.0,1044135200
2021-06-21,316.0,334.0,300.0,322.0,545793000
2021-06-22,342.0,356.0,324.0,330.0,693405100
2021-06-23,320.0,358.0,320.0,350.0,370457400
2021-06-24,302.0,332.0,300.0,320.0,327175800
2021-06-25,304.0,324.0,300.0,302.0,367337300
2021-06-28,284.0,310.0,284.0,308.0,266879300
2021-06-29,274.0,296.0,266.0,286.0,294485200
2021-06-30,276.0,304.0,264.0,276.0,503595800
2021-07-01,272.0,282.0,266.0,278.0,148403900
2021-07-02,282.0,290.0,268.0,272.0,395110200
2021-07-05,276.0,286.0,274.0,282.0,153403300
2021-07-06,286.0,296.0,274.0,278.0,314627600
2021-07-07,300.0,314.0,286.0,286.0,661065900
2021-07-08,292.0,304.0,290.0,302.0,242957100
2021-07-09,284.0,296.0,276.0,294.0,152136800
2021-07-12,276.0,286.0,274.0,286.0,82785600
2021-07-13,276.0,300.0,262.0,276.0,459729900
2021-07-14,274.0,282.0,266.0,276.0,128723200
2021-07-15,278.0,290.0,274.0,278.0,184348700
2021-07-16,274.0,286.0,272.0,280.0,101763500
2021-07-19,276.0,286.0,270.0,276.0,158532900
2021-07-21,336.0,336.0,276.0,278.0,694686800
2021-07-22,346.0,380.0,328.0,342.0,3157779400
2021-07-23,346.0,362.0,342.0,348.0,901292100
2021-07-26,374.0,374.0,346.0,350.0,907644200
2021-07-27,376.0,394.0,366.0,380.0,1016793600
2021-07-28,370.0,386.0,368.0,380.0,475832100
2021-07-29,360.0,374.0,360.0,372.0,456364500
2021-07-30,358.0,370.0,356.0,364.0,295147100
2021-08-02,442.0,446.0,358.0,360.0,1791714400
2021-08-03,484.0,498.0,432.0,446.0,2074880900
2021-08-04,505.0,520.0,476.0,486.0,1166733100
2021-08-05,520.0,550.0,496.0,510.0,771900200
2021-08-06,610.0,630.0,515.0,525.0,1512779500
2021-08-09,570.0,630.0,570.0,620.0,933111700
2021-08-10,535.0,570.0,535.0,570.0,526431000
2021-08-12,498.0,560.0,498.0,530.0,658712400
2021-08-13,464.0,498.0,464.0,498.0,303069100
2021-08-16,432.0,456.0,432.0,440.0,213757800
2021-08-18,402.0,432.0,402.0,402.0,737745300
2021-08-19,374.0,390.0,374.0,378.0,498758100
2021-08-20,404.0,412.0,350.0,374.0,1587960100
2021-08-23,420.0,428.0,406.0,412.0,686874500
2021-08-24,468.0,494.0,408.0,424.0,1421816100
2021-08-25,468.0,500.0,452.0,476.0,1443394200
2021-08-26,436.0,472.0,436.0,470.0,526686700
2021-08-27,436.0,462.0,410.0,432.0,517973800
2021-08-30,450.0,462.0,434.0,438.0,544409500
2021-08-31,444.0,456.0,442.0,454.0,295713400
2021-09-01,440.0,460.0,436.0,448.0,412178800
2021-09-02,410.0,444.0,410.0,440.0,463975800
2021-09-03,382.0,418.0,382.0,418.0,451809200
2021-09-06,390.0,412.0,362.0,382.0,737422800
2021-09-07,380.0,402.0,380.0,392.0,232803800
2021-09-08,354.0,388.0,354.0,382.0,311049000
2021-09-09,334.0,358.0,322.0,342.0,340760000
2021-09-10,348.0,354.0,328.0,334.0,317765200
2021-09-13,352.0,358.0,340.0,348.0,197455800
2021-09-14,332.0,354.0,330.0,350.0,230558400
2021-09-15,330.0,338.0,328.0,332.0,120637000
2021-09-16,330.0,340.0,322.0,330.0,161426800
2021-09-17,328.0,332.0,320.0,330.0,112831100
2021-09-20,322.0,328.0,320.0,328.0,95637100
2021-09-21,320.0,324.0,314.0,322.0,86627600
2021-09-22,314.0,322.0,314.0,320.0,149701700
2021-09-23,300.0,320.0,296.0,314.0,346308700
2021-09-24,280.0,310.0,280.0,298.0,621503000
2021-09-27,280.0,290.0,262.0,290.0,624156900
2021-09-28,268.0,298.0,262.0,280.0,768885200
2021-09-29,278.0,278.0,252.0,266.0,369826600
2021-09-30,266.0,282.0,266.0,280.0,256086700
2021-10-01,264.0,270.0,260.0,262.0,134768200
2021-10-04,280.0,286.0,262.0,266.0,375380100
2021-10-05,264.0,282.0,262.0,280.0,195543200
2021-10-06,260.0,268.0,254.0,266.0,159216700
2021-10-07,272.0,284.0,260.0,260.0,329723700
2021-10-08,270.0,274.0,266.0,272.0,87087500
2021-10-11,262.0,272.0,262.0,270.0,89353100
2021-10-12,258.0,270.0,256.0,262.0,101626300
2021-10-13,240.0,262.0,240.0,258.0,262065800
2021-10-14,242.0,246.0,226.0,228.0,194539900
2021-10-15,244.0,256.0,238.0,240.0,169943400
2021-10-18,266.0,272.0,244.0,244.0,389141700
2021-10-19,256.0,268.0,256.0,268.0,110152300
2021-10-21,258.0,264.0,248.0,256.0,110891700
2021-10-22,254.0,264.0,254.0,258.0,73927800
2021-10-25,248.0,258.0,248.0,256.0,81186700
2021-10-26,242.0,252.0,242.0,250.0,61389200
2021-10-27,236.0,246.0,236.0,242.0,65583000
2021-10-28,226.0,240.0,224.0,236.0,120874800
2021-10-29,228.0,236.0,224.0,226.0,129668600
2021-11-01,222.0,232.0,222.0,232.0,65116400
2021-11-02,212.0,224.0,210.0,222.0,137727100
2021-11-03,212.0,224.0,210.0,214.0,146096700
2021-11-04,220.0,222.0,212.0,212.0,105530000
2021-11-05,216.0,222.0,212.0,220.0,120795700
2021-11-08,246.0,246.0,216.0,216.0,535228600
2021-11-09,230.0,252.0,230.0,248.0,302931300
2021-11-10,230.0,230.0,220.0,228.0,128209000
2021-11-11,220.0,232.0,218.0,230.0,143910300
2021-11-12,218.0,228.0,216.0,222.0,148079800
2021-11-15,228.0,228.0,214.0,218.0,249281300
2021-11-16,220.0,230.0,216.0,228.0,160117500
2021-11-17,228.0,248.0,220.0,222.0,786067100
2021-11-18,220.0,230.0,216.0,228.0,222930500
2021-11-19,218.0,226.0,216.0,220.0,145670500
2021-11-22,216.0,220.0,212.0,220.0,98125800
2021-11-23,212.0,218.0,210.0,216.0,87434600
2021-11-24,208.0,214.0,204.0,214.0,149699300
2021-11-25,208.0,214.0,204.0,208.0,84813400
2021-11-26,196.0,210.0,194.0,208.0,219065800
2021-11-29,193.0,204.0,188.0,196.0,156731300
2021-11-30,189.0,197.0,183.0,193.0,136245300
2021-12-01,185.0,190.0,181.0,189.0,114021600
2021-12-02,190.0,202.0,183.0,185.0,260458700
2021-12-03,195.0,206.0,189.0,190.0,353419700
2021-12-06,195.0,198.0,190.0,198.0,100033700
2021-12-07,210.0,222.0,193.0,196.0,535798700
2021-12-08,204.0,218.0,202.0,214.0,240300700
2021-12-09,244.0,248.0,202.0,206.0,960395700
2021-12-10,234.0,258.0,232.0,246.0,810428600
2021-12-13,238.0,250.0,232.0,234.0,456609500
2021-12-14,228.0,240.0,226.0,238.0,181526800
2021-12-15,218.0,236.0,218.0,228.0,164252600
2021-12-16,214.0,228.0,208.0,218.0,310268400
2021-12-17,206.0,216.0,206.0,214.0,94509400
2021-12-20,196.0,208.0,196.0,206.0,110693600
2021-12-21,193.0,202.0,186.0,196.0,148015700
2021-12-22,191.0,199.0,190.0,194.0,74105500
2021-12-23,189.0,194.0,188.0,191.0,48692000
2021-12-24,189.0,193.0,185.0,189.0,61017200
2021-12-27,190.0,194.0,188.0,189.0,56944100
2021-12-28,192.0,199.0,190.0,190.0,155534200
2021-12-29,190.0,195.0,189.0,194.0,65838800
2021-12-30,186.0,194.0,186.0,190.0,71006000
2022-01-03,186.0,190.0,184.0,187.0,57206700
2022-01-04,187.0,190.0,186.0,187.0,57359700
2022-01-05,178.0,195.0,174.0,188.0,293152600
2022-01-06,170.0,180.0,168.0,178.0,106180200
2022-01-07,166.0,172.0,164.0,170.0,84170000
2022-01-10,170.0,178.0,165.0,166.0,140581700
2022-01-11,159.0,173.0,159.0,171.0,124046400
2022-01-12,149.0,160.0,148.0,159.0,134759300
2022-01-13,159.0,172.0,149.0,150.0,315780700
2022-01-14,163.0,172.0,156.0,163.0,165328400
2022-01-17,163.0,168.0,161.0,166.0,62116000
2022-01-18,160.0,168.0,153.0,163.0,80204200
2022-01-19,163.0,164.0,157.0,161.0,44367900
2022-01-20,159.0,165.0,158.0,164.0,74789500
2022-01-21,158.0,164.0,158.0,159.0,37875200
2022-01-24,164.0,183.0,158.0,158.0,626588800
2022-01-25,153.0,165.0,153.0,165.0,228837600
2022-01-26,149.0,160.0,146.0,153.0,288711700
2022-01-27,142.0,152.0,140.0,149.0,99682000
2022-01-28,146.0,152.0,142.0,142.0,96241100
2022-01-31,156.0,160.0,147.0,147.0,168405000
2022-02-02,186.0,196.0,156.0,157.0,954048300
2022-02-03,173.0,192.0,173.0,187.0,387277200
2022-02-04,176.0,182.0,168.0,170.0,224462300
2022-02-07,191.0,192.0,176.0,177.0,490723800
2022-02-08,212.0,224.0,186.0,193.0,1454074200
2022-02-09,214.0,222.0,206.0,212.0,378383300
2022-02-10,212.0,234.0,210.0,216.0,526594500
2022-02-11,204.0,220.0,202.0,212.0,239234000
2022-02-14,192.0,206.0,190.0,204.0,184166900
2022-02-15,200.0,208.0,190.0,192.0,257489400
2022-02-16,204.0,212.0,200.0,202.0,164426500
2022-02-17,208.0,212.0,197.0,204.0,247178500
2022-02-18,242.0,248.0,204.0,208.0,1286125300
2022-02-21,242.0,262.0,234.0,262.0,804111100
2022-02-22,230.0,248.0,226.0,242.0,533466900
2022-02-23,218.0,232.0,214.0,230.0,189304900
2022-02-24,204.0,232.0,204.0,218.0,322349400
2022-02-25,193.0,210.0,191.0,204.0,199667000
2022-03-01,194.0,202.0,193.0,194.0,102562000
2022-03-02,187.0,197.0,185.0,195.0,122495600
2022-03-04,178.0,193.0,177.0,187.0,131092900
2022-03-07,191.0,196.0,172.0,178.0,296443400
2022-03-08,178.0,194.0,178.0,192.0,129367000
2022-03-09,177.0,185.0,174.0,180.0,70024700
2022-03-10,180.0,185.0,178.0,180.0,67674100
2022-03-11,179.0,189.0,177.0,181.0,114903200
2022-03-14,178.0,187.0,176.0,179.0,125015000
2022-03-15,168.0,181.0,167.0,180.0,111217500
2022-03-16,172.0,176.0,167.0,168.0,100829600
2022-03-17,173.0,180.0,171.0,173.0,49074000
2022-03-18,179.0,180.0,173.0,173.0,107364700
2022-03-21,184.0,193.0,170.0,179.0,346541200
2022-03-22,182.0,187.0,180.0,185.0,79237000
2022-03-23,187.0,190.0,182.0,183.0,116572700
2022-03-24,182.0,189.0,179.0,188.0,98226700
2022-03-25,180.0,185.0,180.0,182.0,42970100
2022-03-28,179.0,184.0,179.0,181.0,40028200
2022-03-29,181.0,188.0,177.0,183.0,214925600
2022-03-30,181.0,184.0,179.0,182.0,51469100
2022-03-31,195.0,198.0,181.0,182.0,478443800
2022-04-01,184.0,199.0,183.0,196.0,249897600
2022-04-04,180.0,188.0,180.0,184.0,113774800
2022-04-05,180.0,183.0,178.0,180.0,55765900
2022-04-06,179.0,183.0,178.0,181.0,50861600
2022-04-07,175.0,182.0,175.0,179.0,93128100
2022-04-08,177.0,179.0,175.0,176.0,55121900
2022-04-11,172.0,180.0,171.0,177.0,109824900
2022-04-12,170.0,175.0,169.0,172.0,57324100
2022-04-13,161.0,171.0,160.0,170.0,116040200
2022-04-14,162.0,168.0,161.0,161.0,52276100
2022-04-18,162.0,165.0,161.0,162.0,36577700
2022-04-19,161.0,166.0,160.0,162.0,45928300
2022-04-20,158.0,163.0,155.0,161.0,49230000
2022-04-21,160.0,163.0,156.0,160.0,35332700
2022-04-22,158.0,161.0,158.0,160.0,22147000
2022-04-25,151.0,159.0,151.0,158.0,37863100
2022-04-26,150.0,157.0,146.0,151.0,32294500
2022-04-27,150.0,154.0,149.0,150.0,55444800
2022-04-28,152.0,157.0,150.0,150.0,50949300
2022-05-09,145.0,153.0,145.0,152.0,46555800
2022-05-10,146.0,146.0,136.0,145.0,56291900
2022-05-11,145.0,151.0,144.0,147.0,53664200
2022-05-12,136.0,145.0,135.0,145.0,48601600
2022-05-13,131.0,138.0,128.0,136.0,68973000
2022-05-17,134.0,137.0,123.0,128.0,36711600
2022-05-18,141.0,146.0,134.0,134.0,65792900
2022-05-19,142.0,143.0,135.0,140.0,43021500
2022-05-20,144.0,147.0,141.0,142.0,36625400
2022-05-23,138.0,148.0,136.0,147.0,36106200
2022-05-24,140.0,142.0,138.0,138.0,19149700
2022-05-25,138.0,142.0,138.0,140.0,24679100
2022-05-27,141.0,148.0,138.0,138.0,42910700
2022-05-30,151.0,159.0,142.0,142.0,139706400
2022-05-31,149.0,156.0,147.0,153.0,51425100
2022-06-02,150.0,153.0,149.0,149.0,34523300
2022-06-03,150.0,154.0,147.0,150.0,58010600
2022-06-06,144.0,154.0,142.0,152.0,51145000
2022-06-07,144.0,147.0,140.0,144.0,52324000
2022-06-08,150.0,152.0,143.0,145.0,65081200
2022-06-09,149.0,153.0,148.0,152.0,60270700
2022-06-10,146.0,155.0,145.0,149.0,66446300
2022-06-13,138.0,146.0,136.0,142.0,43519100
2022-06-14,141.0,142.0,137.0,137.0,27812900
2022-06-15,139.0,143.0,137.0,142.0,38207100
2022-06-16,139.0,145.0,138.0,143.0,33506700
2022-06-17,138.0,139.0,137.0,138.0,17673700
2022-06-20,135.0,139.0,133.0,138.0,43203800
2022-06-21,133.0,138.0,130.0,135.0,54029600
2022-06-22,131.0,137.0,131.0,133.0,34863200
2022-06-23,130.0,133.0,127.0,131.0,51748000
2022-06-24,131.0,134.0,130.0,131.0,43210000
2022-06-27,133.0,136.0,131.0,133.0,41541000
2022-06-28,132.0,136.0,131.0,133.0,38384400
2022-06-29,128.0,133.0,127.0,132.0,57367900
2022-06-30,120.0,130.0,120.0,128.0,96515600
2022-07-01,112.0,123.0,112.0,112.0,56696900
2022-07-04,108.0,114.0,105.0,108.0,67181600
2022-07-05,112.0,115.0,108.0,110.0,48891100
2022-07-06,113.0,114.0,110.0,112.0,41082400
2022-07-07,117.0,119.0,112.0,114.0,66662500
2022-07-08,115.0,121.0,115.0,117.0,22641700
2022-07-11,131.0,134.0,114.0,115.0,217322200
2022-07-12,126.0,132.0,122.0,132.0,82936400
2022-07-13,123.0,130.0,123.0,125.0,26825000
2022-07-14,125.0,130.0,120.0,123.0,38880000
2022-07-15,123.0,131.0,123.0,126.0,42489200
2022-07-18,124.0,127.0,123.0,123.0,12483600
2022-07-19,124.0,128.0,124.0,124.0,21919300
2022-07-20,129.0,131.0,125.0,125.0,42482100
2022-07-21,127.0,131.0,127.0,130.0,20292100
2022-07-22,127.0,131.0,126.0,127.0,30401900
2022-07-25,125.0,129.0,123.0,127.0,24567900
2022-07-26,126.0,128.0,125.0,125.0,19629200
2022-07-27,129.0,129.0,125.0,126.0,20380000
2022-07-28,135.0,140.0,130.0,130.0,151796300
2022-07-29,135.0,147.0,133.0,137.0,220381200
2022-08-01,133.0,136.0,127.0,135.0,84095800
2022-08-02,136.0,144.0,133.0,134.0,190414300
2022-08-03,132.0,137.0,131.0,136.0,37306200
2022-08-04,134.0,136.0,132.0,135.0,19234600
2022-08-05,134.0,137.0,134.0,135.0,24729600
2022-08-08,132.0,136.0,132.0,135.0,11351900
2022-08-09,131.0,137.0,129.0,132.0,45494700
2022-08-10,129.0,133.0,128.0,133.0,17973700
2022-08-11,131.0,132.0,129.0,129.0,10135700
2022-08-12,131.0,133.0,130.0,132.0,14527400
2022-08-15,130.0,135.0,130.0,131.0,17634000
2022-08-16,128.0,132.0,128.0,131.0,12884000
2022-08-18,129.0,131.0,127.0,130.0,22864800
2022-08-19,129.0,131.0,129.0,129.0,8840200
2022-08-22,125.0,130.0,123.0,129.0,28065100
2022-08-23,125.0,127.0,124.0,127.0,10150700
2022-08-24,126.0,131.0,125.0,126.0,45569400
2022-08-25,125.0,129.0,125.0,127.0,21215200
2022-08-26,124.0,127.0,123.0,123.0,16114900
2022-08-29,126.0,130.0,121.0,124.0,49758500
2022-08-30,129.0,131.0,126.0,127.0,41549100
2022-08-31,126.0,130.0,126.0,129.0,13712900
2022-09-01,125.0,128.0,124.0,124.0,9634200
2022-09-02,130.0,130.0,125.0,126.0,41782000
2022-09-05,133.0,138.0,130.0,130.0,186654800
2022-09-06,129.0,135.0,128.0,134.0,55933800
2022-09-07,129.0,133.0,127.0,129.0,51267200
2022-09-08,128.0,131.0,128.0,131.0,17540900
2022-09-09,130.0,133.0,127.0,130.0,54833000
2022-09-12,129.0,133.0,127.0,131.0,29746900
2022-09-13,124.0,132.0,124.0,130.0,126734800
2022-09-14,123.0,126.0,121.0,124.0,40331900
2022-09-15,125.0,128.0,123.0,125.0,44181500
2022-09-16,118.0,127.0,117.0,125.0,150662800
2022-09-19,116.0,121.0,114.0,120.0,24631100
2022-09-20,115.0,118.0,115.0,116.0,15451900
2022-09-21,114.0,117.0,113.0,116.0,18881600
2022-09-22,115.0,116.0,113.0,115.0,13565900
2022-09-23,115.0,118.0,115.0,115.0,13981800
2022-09-26,112.0,116.0,111.0,116.0,19868900
2022-09-27,112.0,116.0,110.0,112.0,34281400
2022-09-28,111.0,114.0,111.0,112.0,13387100
2022-09-29,110.0,115.0,110.0,113.0,16984400
2022-09-30,107.0,110.0,105.0,110.0,24937400
2022-10-03,108.0,110.0,106.0,106.0,15967300
2022-10-04,117.0,126.0,108.0,108.0,226925900
2022-10-05,116.0,123.0,115.0,118.0,77051600
2022-10-06,116.0,121.0,116.0,116.0,21789600
2022-10-07,113.0,118.0,112.0,116.0,25007600
2022-10-10,107.0,113.0,106.0,113.0,91410000
2022-10-11,107.0,111.0,106.0,107.0,41491100
2022-10-12,108.0,112.0,106.0,108.0,57311200
2022-10-13,107.0,113.0,107.0,109.0,51153600
2022-10-14,102.0,110.0,100.0,109.0,37194700
2022-10-17,98.0,103.0,96.0,100.0,36403100
2022-10-18,102.0,106.0,98.0,100.0,69423600
2022-10-19,102.0,107.0,101.0,104.0,36722500
2022-10-20,102.0,106.0,101.0,102.0,38637900
2022-10-21,106.0,108.0,102.0,103.0,46967000
2022-10-24,109.0,111.0,104.0,106.0,63204200
2022-10-25,110.0,114.0,109.0,110.0,65379200
2022-10-26,109.0,113.0,108.0,111.0,33636800
2022-10-27,109.0,112.0,108.0,109.0,30904100
2022-10-28,108.0,111.0,108.0,109.0,23380400
2022-10-31,108.0,110.0,108.0,108.0,14049700
2022-11-01,105.0,110.0,104.0,109.0,22249200
2022-11-02,106.0,107.0,104.0,105.0,10745600
2022-11-03,104.0,107.0,103.0,105.0,15192900
2022-11-04,103.0,105.0,102.0,103.0,16485100
2022-11-07,104.0,107.0,103.0,103.0,31697800
2022-11-08,103.0,105.0,102.0,104.0,9320000
2022-11-09,129.0,129.0,101.0,104.0,410410000
2022-11-10,121.0,133.0,121.0,131.0,265251900
2022-11-11,122.0,127.0,119.0,124.0,147933900
2022-11-14,120.0,128.0,120.0,123.0,89067400
2022-11-15,122.0,132.0,119.0,121.0,421345400
2022-11-16,122.0,123.0,120.0,123.0,32935800
2022-11-17,124.0,126.0,122.0,122.0,54851400
2022-11-18,122.0,127.0,121.0,124.0,54651000
2022-11-21,124.0,128.0,121.0,122.0,77176700
2022-11-22,124.0,127.0,123.0,125.0,35015900
2022-11-23,133.0,141.0,124.0,124.0,592664200
2022-11-24,127.0,137.0,126.0,134.0,155689900
2022-11-25,131.0,138.0,126.0,127.0,236932500
2022-11-28,130.0,137.0,130.0,131.0,154201200
2022-11-29,127.0,135.0,127.0,130.0,114997400
2022-11-30,119.0,130.0,119.0,127.0,69783600
2022-12-01,111.0,122.0,111.0,119.0,134127900
2022-12-02,114.0,116.0,106.0,111.0,58010700
2022-12-05,116.0,124.0,113.0,115.0,108965200
2022-12-06,112.0,117.0,110.0,116.0,36863300
2022-12-07,107.0,113.0,105.0,112.0,114210500
2022-12-08,105.0,109.0,102.0,109.0,42920200
2022-12-09,104.0,107.0,103.0,106.0,46536200
2022-12-12,103.0,109.0,103.0,104.0,27940900
2022-12-13,106.0,106.0,102.0,104.0,43505400
2022-12-14,106.0,108.0,104.0,107.0,48226900
2022-12-15,107.0,109.0,106.0,107.0,21726900
2022-12-16,105.0,107.0,105.0,107.0,19164700
2022-12-19,103.0,108.0,103.0,105.0,32070400
2022-12-20,102.0,105.0,101.0,104.0,22804100
2022-12-21,100.0,103.0,100.0,102.0,20930700
2022-12-22,102.0,103.0,100.0,101.0,22048500
2022-12-23,103.0,107.0,102.0,102.0,37590700
2022-12-26,104.0,107.0,103.0,104.0,25915100
2022-12-27,105.0,108.0,104.0,105.0,27760400
2022-12-28,102.0,107.0,102.0,105.0,29863600
2022-12-29,102.0,103.0,101.0,102.0,11683400
2022-12-30,101.0,104.0,101.0,102.0,12813800
2023-01-02,104.0,109.0,101.0,102.0,87427200
2023-01-03,105.0,109.0,103.0,104.0,78182300
2023-01-04,102.0,107.0,102.0,105.0,47170600
2023-01-05,98.0,103.0,95.0,102.0,48287400
2023-01-06,98.0,100.0,96.0,99.0,17341300
2023-01-09,93.0,100.0,93.0,98.0,30236000
2023-01-10,88.0,94.0,88.0,93.0,40289500
2023-01-11,90.0,92.0,88.0,88.0,27904800
2023-01-12,91.0,94.0,90.0,91.0,15501400
2023-01-13,92.0,93.0,91.0,91.0,9616500
2023-01-16,90.0,93.0,89.0,92.0,15735100
2023-01-17,90.0,92.0,89.0,90.0,30270100
2023-01-18,90.0,91.0,88.0,90.0,17565700
2023-01-19,92.0,93.0,90.0,90.0,24739600
2023-01-20,91.0,93.0,91.0,93.0,10787300
2023-01-24,93.0,94.0,91.0,91.0,15489900
2023-01-25,92.0,93.0,89.0,93.0,64249100
2023-01-26,94.0,97.0,91.0,92.0,91589100
2023-01-27,96.0,99.0,94.0,96.0,81427800
2023-01-30,92.0,98.0,92.0,96.0,56753300
2023-01-31,91.0,93.0,91.0,92.0,13311600
2023-02-01,92.0,94.0,91.0,92.0,15740600
2023-02-02,94.0,94.0,92.0,92.0,18801400
2023-02-03,94.0,97.0,92.0,94.0,51516400
2023-02-06,94.0,95.0,93.0,94.0,15800700
2023-02-07,93.0,95.0,92.0,94.0,35849800
2023-02-08,104.0,108.0,92.0,94.0,382344300
2023-02-09,101.0,109.0,100.0,105.0,151382900
2023-02-10,101.0,105.0,98.0,103.0,58902500
2023-02-13,95.0,102.0,94.0,101.0,90326100
2023-02-14,95.0,98.0,93.0,95.0,48152100
2023-02-15,95.0,97.0,94.0,96.0,28126900
2023-02-16,98.0,101.0,95.0,95.0,178078700
2023-02-17,98.0,99.0,96.0,98.0,24645800
2023-02-20,95.0,99.0,95.0,99.0,17739000
2023-02-21,94.0,97.0,94.0,95.0,22568000
2023-02-22,91.0,95.0,90.0,95.0,38555500
2023-02-23,94.0,99.0,90.0,92.0,71530700
2023-02-24,93.0,95.0,92.0,95.0,17888800
2023-02-27,91.0,94.0,91.0,93.0,18396800
2023-02-28,103.0,107.0,94.0,95.0,520074300
2023-03-01,98.0,104.0,97.0,104.0,126556300
2023-03-02,101.0,107.0,97.0,98.0,193712900
2023-03-03,100.0,103.0,98.0,101.0,66315800
2023-03-06,99.0,101.0,98.0,100.0,33276800
2023-03-07,102.0,104.0,98.0,100.0,74674500
2023-03-08,100.0,104.0,99.0,104.0,39023400
2023-03-09,99.0,101.0,99.0,100.0,33688700
2023-03-10,100.0,102.0,97.0,99.0,77944000
2023-03-13,98.0,100.0,98.0,100.0,31185800
2023-03-14,93.0,99.0,93.0,98.0,45223900
2023-03-15,92.0,97.0,91.0,94.0,22632600
2023-03-16,86.0,93.0,86.0,91.0,54865200
2023-03-17,87.0,93.0,85.0,85.0,74954800
2023-03-20,81.0,89.0,81.0,87.0,47783700
2023-03-21,79.0,84.0,79.0,80.0,49916400
2023-03-24,80.0,83.0,79.0,79.0,42841400
2023-03-27,83.0,84.0,80.0,81.0,21651600
2023-03-28,83.0,85.0,83.0,83.0,20425900
2023-03-29,87.0,92.0,83.0,84.0,154576400
2023-03-30,85.0,88.0,83.0,87.0,28055600
2023-03-31,85.0,88.0,84.0,85.0,21873500
2023-04-03,86.0,88.0,85.0,88.0,25565500
2023-04-04,84.0,88.0,84.0,86.0,49389300
2023-04-05,84.0,86.0,83.0,85.0,20069900
2023-04-06,81.0,84.0,80.0,84.0,61354800
2023-04-10,80.0,83.0,79.0,81.0,49000900
2023-04-11,80.0,82.0,79.0,80.0,16053500
2023-04-12,83.0,84.0,79.0,81.0,32561500
2023-04-13,82.0,84.0,81.0,83.0,18804400
2023-04-14,81.0,84.0,79.0,83.0,32862900
2023-04-17,79.0,82.0,78.0,81.0,23394000
2023-04-18,80.0,80.0,74.0,74.0,21573800
2023-04-26,80.0,81.0,78.0,80.0,10430800
2023-04-27,79.0,80.0,78.0,80.0,34695100
2023-04-28,79.0,84.0,78.0,79.0,62418900
2023-05-02,77.0,80.0,77.0,80.0,27757700
2023-05-03,77.0,79.0,77.0,78.0,13669900
2023-05-04,76.0,79.0,76.0,77.0,14951000
2023-05-05,76.0,79.0,75.0,77.0,20754300
2023-05-08,77.0,78.0,76.0,76.0,22284000
2023-05-09,79.0,80.0,76.0,77.0,36876100
2023-05-10,78.0,80.0,78.0,79.0,18961300
2023-05-11,77.0,78.0,76.0,78.0,8264800
2023-05-12,78.0,80.0,76.0,77.0,35207400
2023-05-15,77.0,78.0,76.0,77.0,13721700
2023-05-16,77.0,82.0,76.0,77.0,66426300
2023-05-17,77.0,80.0,77.0,78.0,39144500
2023-05-19,79.0,81.0,77.0,78.0,56969000
2023-05-22,78.0,81.0,78.0,79.0,35922500
2023-05-23,78.0,81.0,78.0,79.0,24995200
2023-05-24,78.0,79.0,78.0,78.0,8588300
2023-05-25,78.0,79.0,76.0,78.0,30678800
2023-05-26,77.0,79.0,77.0,78.0,13759200
2023-05-29,77.0,78.0,76.0,77.0,13984700
2023-05-30,77.0,78.0,76.0,78.0,9347600
2023-05-31,76.0,78.0,76.0,77.0,16034100
2023-06-05,76.0,78.0,75.0,76.0,13374600
2023-06-06,77.0,77.0,76.0,76.0,11176500
2023-06-07,77.0,78.0,76.0,77.0,12085400
2023-06-08,79.0,80.0,76.0,76.0,45570600
2023-06-09,78.0,81.0,78.0,79.0,36379200
2023-06-12,80.0,82.0,78.0,78.0,98349200
2023-06-13,84.0,86.0,80.0,80.0,184395500
2023-06-14,83.0,87.0,82.0,86.0,75125600
2023-06-15,82.0,85.0,82.0,83.0,32957700
2023-06-16,82.0,85.0,81.0,83.0,48385500
2023-06-19,81.0,83.0,80.0,82.0,24444900
2023-06-20,80.0,83.0,79.0,81.0,51138800
2023-06-21,81.0,82.0,80.0,80.0,17583800
2023-06-22,81.0,84.0,81.0,81.0,39052800
2023-06-23,80.0,83.0,80.0,82.0,25270400
2023-06-26,79.0,82.0,78.0,80.0,20744500
2023-06-27,79.0,80.0,78.0,80.0,17280800
2023-07-03,80.0,81.0,78.0,79.0,13739300
2023-07-04,81.0,81.0,78.0,80.0,25413500
2023-07-05,80.0,81.0,79.0,81.0,20330200
2023-07-06,83.0,85.0,80.0,81.0,119790400
2023-07-07,82.0,84.0,81.0,83.0,32688300
2023-07-10,82.0,84.0,80.0,82.0,46515900
2023-07-11,83.0,85.0,81.0,82.0,51605500
2023-07-12,86.0,90.0,82.0,83.0,176237700
2023-07-13,89.0,93.0,86.0,87.0,147604700
2023-07-14,87.0,90.0,87.0,89.0,54220800
2023-07-17,87.0,89.0,85.0,89.0,31902300
2023-07-18,85.0,88.0,84.0,87.0,35414400
2023-07-20,83.0,86.0,82.0,85.0,42991300
2023-07-21,82.0,84.0,82.0,83.0,20651900
2023-07-24,84.0,86.0,82.0,83.0,43319000
2023-07-25,83.0,85.0,82.0,85.0,13500200
2023-07-26,82.0,84.0,82.0,83.0,33285700
2023-07-27,83.0,85.0,82.0,83.0,31343800
2023-07-28,82.0,83.0,81.0,83.0,21771400
2023-07-31,82.0,83.0,75.0,75.0,17898000
2023-08-01,81.0,83.0,81.0,82.0,20291400
2023-08-02,79.0,82.0,79.0,82.0,23855100
2023-08-03,80.0,81.0,78.0,80.0,25292400
2023-08-04,80.0,82.0,79.0,80.0,20258100
2023-08-07,80.0,81.0,80.0,81.0,10314300
2023-08-08,80.0,81.0,80.0,80.0,10747500
2023-08-09,80.0,82.0,79.0,80.0,24162200
2023-08-10,80.0,80.0,79.0,80.0,8997900
2023-08-11,79.0,80.0,79.0,79.0,4915700
2023-08-14,78.0,80.0,77.0,79.0,10921700
2023-08-15,82.0,84.0,78.0,78.0,68269100
2023-08-16,80.0,82.0,80.0,82.0,14328100
2023-08-18,80.0,82.0,80.0,80.0,15323900
2023-08-21,79.0,81.0,78.0,80.0,16006900
2023-08-22,78.0,80.0,78.0,79.0,19489500
2023-08-23,78.0,80.0,78.0,79.0,9029200
2023-08-24,79.0,81.0,78.0,79.0,28302000
2023-08-25,78.0,79.0,78.0,79.0,17043000
2023-08-28,84.0,85.0,77.0,78.0,159785200
2023-08-29,93.0,102.0,84.0,86.0,669513900
2023-08-30,93.0,98.0,89.0,94.0,269296800
2023-08-31,84.0,94.0,83.0,93.0,192585700
2023-09-01,83.0,87.0,82.0,84.0,94398100
2023-09-04,81.0,88.0,80.0,88.0,70285200
2023-09-05,82.0,83.0,81.0,81.0,30772300
2023-09-06,81.0,83.0,81.0,82.0,32295700
2023-09-07,82.0,83.0,81.0,81.0,23017600
2023-09-08,84.0,86.0,82.0,83.0,82230500
2023-09-11,84.0,86.0,83.0,84.0,26898500
2023-09-12,82.0,85.0,81.0,84.0,23257900
2023-09-13,82.0,86.0,81.0,82.0,53210300
2023-09-14,81.0,84.0,80.0,84.0,27476700
2023-09-15,82.0,83.0,80.0,82.0,56354500
2023-09-18,80.0,85.0,80.0,82.0,76472900
2023-09-19,80.0,81.0,79.0,81.0,18675600
2023-09-20,79.0,81.0,79.0,80.0,32353600
2023-09-21,80.0,80.0,79.0,80.0,11820400
2023-09-22,80.0,80.0,79.0,80.0,8885000
2023-09-25,79.0,80.0,79.0,80.0,11404700
2023-09-26,78.0,80.0,78.0,79.0,17573900
2023-09-27,77.0,79.0,76.0,77.0,25925500
2023-09-29,76.0,78.0,75.0,78.0,20224100
2023-10-02,76.0,77.0,76.0,76.0,7193700
2023-10-03,76.0,79.0,76.0,76.0,33822600
2023-10-04,74.0,78.0,72.0,77.0,43420000
2023-10-05,73.0,75.0,73.0,74.0,16114500
2023-10-06,72.0,74.0,72.0,73.0,8905400
2023-10-09,74.0,74.0,72.0,73.0,6454300
2023-10-10,74.0,74.0,73.0,74.0,5829900
2023-10-11,73.0,74.0,72.0,73.0,16136000
2023-10-12,76.0,77.0,72.0,73.0,77567300
2023-10-13,73.0,77.0,73.0,76.0,21485300
2023-10-16,72.0,74.0,71.0,73.0,33138800
2023-10-17,71.0,73.0,71.0,72.0,11310600
2023-10-18,72.0,72.0,71.0,71.0,12601800
2023-10-19,65.0,72.0,63.0,72.0,81426200
2023-10-20,64.0,66.0,62.0,63.0,15324900
2023-10-23,67.0,68.0,58.0,58.0,27638100
2023-10-24,66.0,68.0,64.0,68.0,30435500
2023-10-25,67.0,70.0,66.0,67.0,19683900
2023-10-26,64.0,68.0,64.0,68.0,15831100
2023-10-27,64.0,66.0,64.0,65.0,4531200
2023-10-30,63.0,65.0,62.0,65.0,8777700
2023-10-31,64.0,65.0,60.0,63.0,25724400
2023-11-01,61.0,64.0,60.0,63.0,7289900
2023-11-02,61.0,63.0,60.0,60.0,25638700
2023-11-03,62.0,66.0,61.0,61.0,31827000
2023-11-06,63.0,65.0,62.0,62.0,12838800
2023-11-07,62.0,64.0,61.0,63.0,10677500
2023-11-08,63.0,63.0,61.0,63.0,8458800
2023-11-09,62.0,63.0,61.0,63.0,13047400
2023-11-10,60.0,63.0,60.0,61.0,10644700
2023-11-13,59.0,62.0,59.0,61.0,24082300
2023-11-14,61.0,62.0,59.0,62.0,9993700
2023-11-15,61.0,62.0,60.0,61.0,11453700
2023-11-16,61.0,63.0,61.0,61.0,12051800
2023-11-17,62.0,64.0,60.0,61.0,47056500
2023-11-20,61.0,63.0,61.0,61.0,12376100
2023-11-21,61.0,62.0,59.0,62.0,18621100
2023-11-22,59.0,61.0,54.0,54.0,8346000
2023-11-23,60.0,62.0,59.0,60.0,21140500
2023-11-24,69.0,72.0,60.0,60.0,177236000
2023-11-27,65.0,70.0,65.0,70.0,66976600
2023-11-28,63.0,66.0,63.0,65.0,23038500
2023-11-29,64.0,66.0,62.0,63.0,18744500
2023-11-30,65.0,67.0,64.0,65.0,20427900
2023-12-01,65.0,66.0,64.0,65.0,12422800
2023-12-04,65.0,67.0,64.0,65.0,21165900
2023-12-05,63.0,65.0,62.0,65.0,17893900
2023-12-06,63.0,65.0,62.0,64.0,15486100
2023-12-07,61.0,63.0,60.0,63.0,24462300
2023-12-08,61.0,63.0,60.0,62.0,10891900
2023-12-11,62.0,64.0,61.0,62.0,25533400
2023-12-12,66.0,67.0,61.0,62.0,70794500
2023-12-13,63.0,67.0,62.0,66.0,24090200
2023-12-14,62.0,65.0,61.0,63.0,29061300
2023-12-15,60.0,63.0,59.0,62.0,45742600
2023-12-18,60.0,62.0,59.0,59.0,22978300
2023-12-19,62.0,62.0,60.0,60.0,19999200
2023-12-20,61.0,63.0,60.0,62.0,15279000
2023-12-21,61.0,62.0,60.0,62.0,13742300
2023-12-22,62.0,64.0,60.0,61.0,53457000
2023-12-27,60.0,62.0,60.0,62.0,11836800
2023-12-28,61.0,62.0,60.0,61.0,11088100
2023-12-29,60.0,62.0,60.0,62.0,11761100
2024-01-02,61.0,62.0,60.0,60.0,13205300
2024-01-03,62.0,63.0,61.0,61.0,20035800
2024-01-04,62.0,63.0,61.0,62.0,10861200
2024-01-05,62.0,63.0,61.0,62.0,38368300
2024-01-08,61.0,62.0,61.0,62.0,14175500
2024-01-09,62.0,63.0,61.0,61.0,29986800
2024-01-10,62.0,63.0,61.0,63.0,15753700
2024-01-11,63.0,64.0,62.0,62.0,15780600
2024-01-12,62.0,63.0,61.0,63.0,11050300
2024-01-15,62.0,62.0,61.0,62.0,7394800
2024-01-16,64.0,67.0,61.0,62.0,124206100
2024-01-17,64.0,66.0,63.0,64.0,31115000
2024-01-18,62.0,64.0,61.0,64.0,23467900
2024-01-19,61.0,62.0,61.0,62.0,8108100
2024-01-22,62.0,63.0,61.0,61.0,9995200
2024-01-23,61.0,63.0,60.0,62.0,16801100
2024-01-24,59.0,62.0,59.0,61.0,21470700
2024-01-25,59.0,61.0,58.0,60.0,18245900
2024-01-26,59.0,60.0,58.0,59.0,11262300
2024-01-29,57.0,59.0,57.0,59.0,23474800
2024-01-30,57.0,60.0,56.0,57.0,44829300
2024-01-31,58.0,58.0,56.0,57.0,9210000
2024-02-01,56.0,58.0,56.0,58.0,8619400
2024-02-02,56.0,57.0,56.0,56.0,10063700
2024-02-05,55.0,57.0,54.0,55.0,14386000
2024-02-06,54.0,56.0,54.0,55.0,12172900
2024-02-07,52.0,55.0,51.0,54.0,37399600
2024-02-12,51.0,52.0,50.0,52.0,44952800
2024-02-13,51.0,53.0,50.0,51.0,31848200
2024-02-15,52.0,53.0,51.0,51.0,13898500
2024-02-16,53.0,54.0,52.0,53.0,9729700
2024-02-19,52.0,54.0,52.0,53.0,11454700
2024-02-20,53.0,54.0,52.0,53.0,5171600
2024-02-21,52.0,54.0,52.0,53.0,5210800
2024-02-22,53.0,54.0,52.0,53.0,4883300
2024-02-23,53.0,54.0,53.0,53.0,5260800
2024-02-26,52.0,54.0,52.0,53.0,10008300
2024-02-27,52.0,53.0,51.0,52.0,9070700
2024-02-28,53.0,54.0,52.0,53.0,6868700
2024-02-29,53.0,53.0,51.0,53.0,16586800
2024-03-01,52.0,53.0,52.0,53.0,4874800
2024-03-04,52.0,53.0,51.0,53.0,11718300
2024-03-05,51.0,53.0,51.0,52.0,12304800
2024-03-06,51.0,54.0,51.0,52.0,47918600
2024-03-07,51.0,53.0,51.0,51.0,20565800
2024-03-08,51.0,54.0,51.0,51.0,25727600
2024-03-13,52.0,52.0,51.0,52.0,10895200
2024-03-14,51.0,52.0,51.0,52.0,16562000
2024-03-15,51.0,52.0,51.0,51.0,7829800
2024-03-18,51.0,52.0,50.0,51.0,9584200
2024-03-19,50.0,51.0,50.0,51.0,15696600
2024-03-20,50.0,51.0,50.0,50.0,74672000
2024-03-21,51.0,51.0,50.0,50.0,29762800
2024-03-22,51.0,53.0,50.0,51.0,43953100
2024-03-25,51.0,61.0,51.0,61.0,5885500
2024-03-26,50.0,52.0,50.0,52.0,19078600
2024-03-27,50.0,51.0,50.0,50.0,29133600
2024-03-28,50.0,50.0,50.0,50.0,3518300
2024-04-01,50.0,51.0,50.0,50.0,20121100
2024-04-02,50.0,50.0,50.0,50.0,3785600
2024-04-03,50.0,50.0,50.0,50.0,696100
2024-04-04,50.0,50.0,50.0,50.0,601200
2024-04-05,50.0,50.0,50.0,50.0,546400
2024-04-16,50.0,50.0,50.0,50.0,9354200
2024-04-17,50.0,50.0,50.0,50.0,12298000
2024-04-18,50.0,50.0,50.0,50.0,360500
2024-04-19,50.0,50.0,50.0,50.0,175100
2024-04-22,50.0,50.0,50.0,50.0,536800
2024-04-23,50.0,50.0,50.0,50.0,4195100
2024-04-24,50.0,50.0,50.0,50.0,5598800
2024-04-25,50.0,50.0,50.0,50.0,498700
2024-04-26,50.0,50.0,50.0,50.0,349700
2024-04-29,50.0,50.0,50.0,50.0,1250600
2024-04-30,50.0,50.0,50.0,50.0,183900
2024-05-02,50.0,50.0,50.0,50.0,12202400
2024-05-03,50.0,52.0,50.0,50.0,49232400
2024-05-06,50.0,51.0,50.0,50.0,18480000
2024-05-07,50.0,51.0,50.0,50.0,7759000
2024-05-08,50.0,51.0,50.0,50.0,7346400
2024-05-13,50.0,50.0,50.0,50.0,3662300
2024-05-14,50.0,50.0,50.0,50.0,3032400
2024-05-15,50.0,51.0,50.0,50.0,17048600
2024-05-16,52.0,55.0,50.0,50.0,80894000
2024-05-17,51.0,54.0,50.0,52.0,33548100
2024-05-20,51.0,52.0,50.0,52.0,13782900
2024-05-21,50.0,51.0,50.0,51.0,9683700
2024-05-22,50.0,51.0,50.0,51.0,16472700
2024-05-27,50.0,51.0,50.0,50.0,4296000
2024-05-28,50.0,50.0,50.0,50.0,611900
2024-05-29,50.0,50.0,50.0,50.0,406300
2024-05-30,50.0,50.0,50.0,50.0,215000
2024-05-31,50.0,50.0,50.0,50.0,825200
2024-06-03,50.0,50.0,50.0,50.0,909200
2024-06-04,50.0,50.0,50.0,50.0,399800
2024-06-05,50.0,50.0,50.0,50.0,154600
2024-06-06,50.0,50.0,50.0,50.0,1556700
2024-06-07,50.0,50.0,50.0,50.0,731200
2024-06-10,50.0,50.0,50.0,50.0,936400
2024-06-11,50.0,50.0,50.0,50.0,114400
2024-06-12,50.0,50.0,50.0,50.0,252400
2024-06-13,50.0,50.0,50.0,50.0,463300
2024-06-14,50.0,50.0,50.0,50.0,108700
2024-06-19,50.0,50.0,50.0,50.0,212100
2024-06-20,50.0,50.0,50.0,50.0,152700
2024-06-21,50.0,50.0,50.0,50.0,96300
2024-06-24,50.0,50.0,50.0,50.0,104900
2024-06-25,50.0,50.0,50.0,50.0,104800
2024-06-26,50.0,50.0,50.0,50.0,232400
2024-06-27,50.0,50.0,50.0,50.0,208400
2024-06-28,50.0,50.0,50.0,50.0,109400
2024-07-01,50.0,50.0,50.0,50.0,228600
2024-07-02,50.0,50.0,50.0,50.0,415100
2024-07-03,50.0,50.0,50.0,50.0,2960900
2024-07-04,50.0,50.0,50.0,50.0,854700
2024-07-05,50.0,50.0,50.0,50.0,2761000
2024-07-08,50.0,50.0,50.0,50.0,3412000
2024-07-09,58.0,59.0,50.0,50.0,319583000
2024-07-10,56.0,60.0,54.0,58.0,118080500
2024-07-11,55.0,58.0,55.0,55.0,45379200
2024-07-12,51.0,55.0,50.0,55.0,92421000
2024-07-15,52.0,53.0,51.0,51.0,46012800
2024-07-16,51.0,53.0,51.0,52.0,23761800
2024-07-17,58.0,62.0,51.0,51.0,341519900
2024-07-18,55.0,59.0,54.0,59.0,99345400
2024-07-19,55.0,56.0,54.0,55.0,27350700
2024-07-22,54.0,57.0,53.0,55.0,58966800
2024-07-23,54.0,55.0,53.0,54.0,27349800
2024-07-24,54.0,55.0,52.0,54.0,31033300
2024-07-25,52.0,54.0,51.0,54.0,24837300
2024-07-26,53.0,55.0,52.0,53.0,21516200
2024-07-29,53.0,55.0,53.0,53.0,21267900
2024-07-30,53.0,54.0,52.0,53.0,15664500
2024-07-31,54.0,55.0,52.0,53.0,25992600
2024-08-01,53.0,55.0,53.0,54.0,7673400
2024-08-02,53.0,54.0,52.0,54.0,9720700
2024-08-05,50.0,53.0,50.0,52.0,44840800
2024-08-06,51.0,52.0,50.0,51.0,22497400
2024-08-07,54.0,54.0,51.0,52.0,20826000
2024-08-08,53.0,54.0,52.0,54.0,13477800
2024-08-09,53.0,54.0,52.0,53.0,12787800
2024-08-12,55.0,56.0,53.0,53.0,44860000
2024-08-13,55.0,56.0,54.0,56.0,19900500
2024-08-14,55.0,57.0,54.0,56.0,33909300
2024-08-15,55.0,55.0,54.0,55.0,19253900
2024-08-16,55.0,56.0,54.0,54.0,21493800
2024-08-19,59.0,63.0,54.0,55.0,176076500
2024-08-20,75.0,79.0,61.0,69.0,1135067200
2024-08-21,82.0,91.0,74.0,76.0,1302130900
2024-08-22,78.0,85.0,76.0,85.0,264270600
2024-08-23,81.0,84.0,78.0,78.0,144760400
2024-08-26,83.0,86.0,79.0,82.0,302211200
2024-08-27,83.0,87.0,80.0,83.0,279117600
2024-08-28,81.0,85.0,81.0,83.0,121430500
2024-08-29,76.0,83.0,76.0,81.0,136182700
2024-08-30,78.0,81.0,77.0,78.0,82965700
2024-09-02,77.0,80.0,76.0,78.0,55444900
2024-09-03,71.0,78.0,70.0,78.0,86548600
2024-09-04,74.0,76.0,65.0,71.0,163530700
2024-09-05,73.0,76.0,71.0,74.0,56100200
2024-09-06,74.0,75.0,71.0,73.0,43607300
2024-09-09,74.0,75.0,72.0,74.0,27360600
2024-09-10,82.0,82.0,74.0,74.0,159980700
2024-09-11,76.0,86.0,75.0,83.0,292432300
2024-09-12,76.0,79.0,75.0,77.0,38230100
2024-09-13,77.0,78.0,76.0,76.0,24389600
2024-09-17,76.0,78.0,76.0,78.0,21382500
2024-09-18,74.0,77.0,72.0,76.0,28960700
2024-09-19,74.0,75.0,73.0,74.0,17749100
2024-09-20,74.0,75.0,73.0,74.0,17926700
2024-09-23,75.0,77.0,73.0,74.0,23010400
2024-09-24,74.0,76.0,74.0,75.0,15929900
2024-09-25,75.0,76.0,74.0,74.0,33342700
2024-09-26,74.0,76.0,74.0,75.0,17250700
2024-09-27,73.0,75.0,72.0,74.0,22974900
2024-09-30,70.0,74.0,70.0,73.0,24640300
2024-10-01,71.0,72.0,67.0,69.0,13084800
2024-10-02,68.0,72.0,68.0,71.0,20066500
2024-10-03,67.0,69.0,66.0,68.0,11458800
2024-10-04,63.0,68.0,63.0,68.0,28901000
2024-10-07,63.0,65.0,61.0,63.0,23601000
2024-10-08,66.0,68.0,64.0,64.0,30665900
2024-10-09,65.0,68.0,64.0,66.0,14306700
2024-10-10,68.0,69.0,64.0,65.0,57752200
2024-10-11,67.0,69.0,66.0,67.0,20570000
2024-10-14,67.0,69.0,66.0,68.0,36343600
2024-10-15,67.0,68.0,65.0,67.0,15582900
2024-10-16,65.0,67.0,65.0,67.0,11126000
2024-10-17,68.0,72.0,65.0,65.0,55151500
2024-10-18,67.0,70.0,66.0,69.0,38131300
2024-10-21,68.0,70.0,67.0,67.0,25633900
2024-10-22,73.0,75.0,68.0,68.0,109863300
2024-10-23,71.0,74.0,70.0,73.0,27675200
2024-10-24,68.0,73.0,68.0,72.0,39123100
2024-10-25,67.0,69.0,67.0,68.0,17108600
2024-10-28,66.0,67.0,65.0,67.0,21254900
2024-10-29,68.0,69.0,65.0,66.0,32063700
2024-10-30,68.0,71.0,66.0,69.0,51644400
2024-10-31,71.0,72.0,68.0,69.0,75268400
2024-11-01,69.0,73.0,68.0,71.0,45725400
2024-11-04,66.0,70.0,66.0,69.0,51502900
2024-11-05,65.0,67.0,65.0,66.0,21665900
2024-11-06,68.0,71.0,65.0,65.0,88735600
2024-11-07,66.0,71.0,66.0,70.0,44967300
2024-11-08,61.0,67.0,60.0,66.0,81689500
2024-11-11,61.0,64.0,60.0,60.0,26617600
2024-11-12,62.0,62.0,60.0,61.0,14820600
2024-11-13,61.0,65.0,61.0,62.0,46787600
2024-11-14,60.0,62.0,59.0,62.0,19254600
2024-11-15,58.0,62.0,56.0,60.0,34139600
2024-11-18,57.0,59.0,57.0,58.0,8262000
2024-11-19,60.0,60.0,57.0,57.0,13944900
2024-11-20,59.0,61.0,59.0,60.0,11910900
2024-11-21,58.0,60.0,58.0,59.0,6582300
2024-11-22,60.0,61.0,58.0,58.0,10155900
2024-11-25,62.0,63.0,59.0,60.0,20676000
2024-11-26,60.0,63.0,59.0,62.0,14055800
2024-11-28,59.0,61.0,59.0,60.0,7001400
2024-11-29,58.0,61.0,58.0,59.0,13937500
2024-12-02,58.0,60.0,57.0,59.0,10703400
2024-12-03,59.0,60.0,57.0,59.0,7822500
2024-12-04,59.0,61.0,58.0,59.0,7276700
2024-12-05,59.0,61.0,58.0,60.0,24827500
2024-12-06,59.0,60.0,58.0,58.0,5879200
2024-12-09,59.0,60.0,58.0,59.0,8809000
2024-12-10,58.0,60.0,57.0,59.0,18477300
2024-12-11,57.0,59.0,57.0,59.0,17452100
2024-12-12,57.0,58.0,57.0,57.0,5948000
2024-12-13,57.0,60.0,57.0,57.0,35640700
2024-12-16,56.0,57.0,55.0,57.0,10566500
2024-12-17,54.0,56.0,54.0,56.0,6513900
2024-12-18,54.0,56.0,53.0,54.0,9255800
2024-12-19,54.0,54.0,52.0,53.0,14462700
2024-12-20,53.0,54.0,52.0,54.0,10293300
2024-12-23,55.0,58.0,54.0,54.0,34873800
2024-12-24,54.0,56.0,54.0,55.0,4363700
2024-12-27,54.0,55.0,54.0,54.0,3983000
2024-12-30,54.0,55.0,54.0,54.0,1228000
2025-01-02,55.0,57.0,54.0,54.0,28108900
2025-01-03,55.0,56.0,54.0,54.0,4678100
2025-01-06,54.0,55.0,54.0,55.0,7460600
2025-01-07,55.0,56.0,53.0,54.0,10894700
2025-01-08,54.0,56.0,54.0,55.0,3057600
2025-01-09,54.0,55.0,54.0,55.0,6017900
2025-01-10,54.0,55.0,53.0,54.0,4056900
2025-01-13,53.0,55.0,53.0,54.0,6220200
2025-01-14,54.0,56.0,53.0,54.0,19550300
2025-01-15,55.0,55.0,53.0,54.0,10865400
2025-01-16,54.0,56.0,54.0,55.0,5787600
2025-01-17,57.0,61.0,54.0,54.0,77062700
2025-01-20,57.0,59.0,57.0,58.0,18929600
2025-01-21,56.0,58.0,56.0,58.0,12158300
2025-01-22,54.0,57.0,54.0,56.0,16670000
2025-01-23,55.0,56.0,54.0,54.0,6023800
2025-01-24,55.0,56.0,54.0,56.0,3803800
2025-01-30,55.0,57.0,54.0,56.0,31038200
2025-01-31,53.0,55.0,53.0,55.0,12715200
2025-02-03,53.0,55.0,53.0,54.0,6790600
2025-02-04,54.0,55.0,53.0,53.0,11046200
2025-02-05,53.0,54.0,53.0,54.0,3383100
2025-02-06,51.0,54.0,51.0,53.0,17353200
2025-02-07,50.0,52.0,50.0,52.0,25976700
2025-02-10,50.0,51.0,50.0,51.0,16558700
2025-02-11,50.0,51.0,50.0,50.0,16443600
2025-02-12,50.0,51.0,50.0,50.0,5472400
2025-02-13,52.0,52.0,50.0,50.0,16485100
2025-02-14,52.0,53.0,50.0,52.0,13796300
2025-02-17,52.0,53.0,51.0,52.0,21418300
2025-02-18,52.0,52.0,51.0,52.0,4040800
2025-02-19,52.0,53.0,50.0,52.0,24995500
2025-02-20,51.0,52.0,50.0,52.0,7743600
2025-02-21,51.0,51.0,50.0,51.0,1967100
2025-02-24,50.0,51.0,50.0,51.0,15417000
2025-02-25,50.0,51.0,50.0,50.0,24264300
2025-02-26,50.0,51.0,50.0,50.0,9455000
2025-02-27,50.0,51.0,50.0,50.0,9398100
2025-02-28,50.0,51.0,50.0,50.0,12603900
2025-03-03,50.0,51.0,50.0,50.0,11567700
2025-03-04,50.0,50.0,50.0,50.0,1897700
2025-03-05,50.0,50.0,50.0,50.0,3990300
2025-03-06,50.0,50.0,50.0,50.0,2429600
2025-03-07,50.0,50.0,50.0,50.0,1050400
2025-03-10,50.0,50.0,50.0,50.0,330400
2025-03-11,50.0,50.0,50.0,50.0,450700
2025-03-12,50.0,50.0,50.0,50.0,241600
2025-03-13,50.0,50.0,50.0,50.0,257800
2025-03-14,50.0,50.0,50.0,50.0,179300
2025-03-17,50.0,50.0,50.0,50.0,278600
2025-03-18,50.0,50.0,50.0,50.0,100700
2025-03-19,50.0,50.0,50.0,50.0,247200
2025-03-20,50.0,50.0,50.0,50.0,217800
2025-03-21,50.0,50.0,50.0,50.0,524800
2025-03-24,50.0,50.0,50.0,50.0,371000
2025-03-25,50.0,50.0,50.0,50.0,263400
2025-03-26,50.0,50.0,50.0,50.0,916900
2025-03-27,50.0,50.0,50.0,50.0,227800
2025-04-08,50.0,50.0,50.0,50.0,844400
2025-04-09,50.0,50.0,50.0,50.0,387100
2025-04-10,50.0,50.0,50.0,50.0,942800
2025-04-11,50.0,50.0,50.0,50.0,258600
2025-04-14,50.0,50.0,50.0,50.0,345600
2025-04-15,50.0,50.0,50.0,50.0,241200
2025-04-16,50.0,50.0,50.0,50.0,5081300
2025-04-17,50.0,50.0,50.0,50.0,634000
2025-04-21,50.0,50.0,50.0,50.0,160600
2025-04-22,50.0,50.0,50.0,50.0,98200
