co-imf0,co-imf1,co-imf2
-0.9224604320069657,7.757542291976668,26.544982159365077
-1.3525583394443426,7.635519733052918,26.65001649294294
-1.4960895443793414,7.529694475337865,26.754748655890037
-1.5139609857221346,7.4368057399569,26.859169737238386
-1.148640113560007,7.358466700540519,26.96327076090069
-0.3439153689636766,7.297318910282798,27.06704273834079
0.022580265079848227,7.251827015664075,27.1704767318925
-0.04253319352823498,7.223661026554886,27.27356376531878
0.13413020667335468,7.213288507745294,27.376294875684064
0.3818617513477772,7.2214005316293015,27.478661098382887
0.8846467399922158,7.248923392290482,27.580653467994342
1.7534100673042143,7.2965546585540615,27.682263019762782
2.000030464318555,7.363329341768541,27.783480722626344
2.1284531762221053,7.449837801926953,27.884297559253973
1.4904057506107078,7.547014479673001,27.984704365236823
0.08836551910081382,7.652809530917054,28.084691966993827
-0.9892252501890018,7.758354884266356,28.184251063882638
-1.7877301960600094,7.859050793280623,28.28337242347322
-2.1564724744846195,7.949141431261423,28.382046721767058
-1.800136795480324,8.022827080377544,28.480264700466297
-1.6682942138112509,8.075325373453003,28.578017000583166
-1.650043842372821,8.101008830668178,28.675294302186536
-1.4171848338589303,8.100071764739381,28.77208716249581
-1.1503335645467474,8.067715278310217,28.868386196862367
-0.5394253445102769,8.002418965739967,28.964182009835024
0.4416828312770629,7.901089755227578,29.059465462657933
1.2476012990576222,7.761184514749665,29.15422755943211
1.9158402848676381,7.5800638684965165,29.24845925296487
2.278450839251719,7.354784892222242,29.342151721819054
2.187631419129083,7.082669252474934,29.435296141105503
2.0719638671295386,6.763179288430845,29.527884002426426
1.845842906832992,6.394703002737646,29.619906815879325
1.4492440491955052,5.983774687695652,29.711356426221364
0.9406845995806563,5.531767681792222,29.802224810193522
0.720465166175799,5.048278105696081,29.89250419466912
0.8423747818447029,4.536837012648743,29.982186766298256
0.9976015701793765,4.005208819190476,30.071264826122444
1.3001070946023947,3.458963749227996,30.15973060565286
1.8209439715537037,2.9047502540298353,30.247576449052264
2.548201652452949,2.3487717266351806,30.334794644049985
2.1976282157403304,1.7963997320970833,30.421377605909008
0.6554299549283371,1.2538478452805224,30.5073177007442
-0.9224307172588381,0.727977813004627,30.592607497292228
-2.842952091370018,0.22483299512817734,30.677239512004817
-3.887889576321118,-0.24963973769777814,30.76120637486572
-3.787653598734295,-0.6891693772609164,30.844500621775403
-3.4072184024270165,-1.0933002641059166,30.927114872188803
-2.353978766451761,-1.4604850659808692,31.009041696124623
-0.8773476634492269,-1.798274042271199,31.09027371305277
0.9884913092392076,-2.106614102654804,31.17080351039108
1.95105974336151,-2.391859253014454,31.25062372748644
1.8058657005684404,-2.656681689419812,31.3297269652996
1.8866213502215436,-2.905768422550003,31.40810587662992
1.8627268313865837,-3.1429072873990913,31.485753077927356
1.4386783533803467,-3.372427972954613,31.562661220886763
0.7605208944435728,-3.597469300756151,31.63882293507795
0.4201754677124428,-3.8132662992553596,31.714230859481482
0.46369763692602617,-4.022508414205726,31.788877630243597
0.011429245334187793,-4.221808413882227,31.862755884133147
-0.8280159315721887,-4.411183520047704,31.93585825785362
-0.9186213933175181,-4.589643995580509,32.008177388294506
-0.3263419159501803,-4.756388601821396,32.07970591217113
-0.10703604364225267,-4.908288043570248,32.15043646563177
-0.08308471138365314,-5.042486684055619,32.22036168538174
-0.0633442146510301,-5.144395453820595,32.28947421320864
-0.2262886781475401,-5.204742989893932,32.35776668618503
-0.34799427042886794,-5.209628227724529,32.42523180091562
-0.44537055106914125,-5.1526051071884575,32.4918622256014
-0.36253355000526694,-5.043071947874235,32.55765079213017
-0.03842844950845414,-4.8850041438744825,32.62259038353594
0.011829023598650679,-4.6896561857663555,32.68667418532064
-0.18697686822207793,-4.462796151131901,32.74989554055004
-0.5790538666875922,-4.215505259061716,32.812248150992176
-1.286326622791098,-3.955556771670226,32.87372589660568
-1.4344897720084897,-3.6949811294673456,32.93432299488967
-0.9862844704370053,-3.4428267549697065,32.99403386379309
-0.26239891497855833,-3.2119959617011684,33.05285329911354
0.9652478854135831,-3.0127128786440323,33.110776233116574
1.7875054273483542,-2.855857584898378,33.1677978202418
2.1525609771161283,-2.7524199268302176,33.223913411751276
2.2120322277123394,-2.7135806984632036,33.279118926160606
1.707235883150978,-2.7502842925585105,33.333410666437246
1.3971615387267946,-2.869474401157307,33.3867854258604
1.2525785762927373,-3.070545561951131,33.43924007600071
0.9113588272899358,-3.3392693499480517,33.490771858054295
0.5207325378614901,-3.6682114703806774,33.54137810644525
-0.1788665815755373,-4.043154102857569,33.59105632328798
-0.05470422185590898,-4.454371560990587,33.63980392308419
-0.1699925498053375,-4.88989587489918,33.68761840251557
-0.5587397621427186,-5.33861485964019,33.73449720545514
-0.9866774936563554,-5.7887542991487955,33.780437801090784
-1.5125672695104075,-6.2289573945411725,33.82543764937539
-1.770449524887793,-6.649248330722785,33.8694942127119
-1.6919660810763166,-7.038306523991774,33.91260495315828
-1.2868934737420488,-7.394610056200419,33.954767332772526
-0.44413757836739765,-7.712319225176004,33.995978813612645
0.14774392249109852,-7.991717603175396,34.036236857736625
0.4816372689508127,-8.228555799680972,34.075538927202466
0.8268246434808063,-8.420493805955756,34.11388248406813
1.018774245217229,-8.564678175798901,34.15126499039163
1.0533602496178487,-8.660450513967412,34.187683908230966
0.9189035714863136,-8.70644275211532,34.223136699644115
0.7409000135659549,-8.71177290758077,34.257620826689084
0.5168793338907773,-8.678476296237177,34.29113375142384
0.25990580206857955,-8.615302047257483,34.323672935906416
0.004609162806347558,-8.526724936425756,34.35523584219478
-0.22105617911225203,-8.419048266732483,34.38581993234691
-0.3909083777897654,-8.298022774074912,34.41542266842082
-0.42858953770474895,-8.17174196846344,34.44404151247449
-0.3018668933525424,-8.046294161893243,34.47167392656591
-0.165572351420988,-7.923723096835415,34.49831737275309
0.005381153885510607,-7.807075492295896,34.52396931309401
0.08401570842513144,-7.693086835482659,34.54862720964666
0.029585174457066654,-7.584012563448299,34.57228852446905
0.06195671263327529,-7.4825054647585585,34.59495071961915
0.15005825616749172,-7.38964389961209,34.61661125715494
0.06182057593395475,-7.312154216281995,34.63726759913445
-0.18451480493845263,-7.252192274262971,34.65691720761565
-0.348871760885578,-7.2115244785175605,34.675557544656535
-0.4627145328944118,-7.192755138009734,34.69318607231511
-0.2785348045802056,-7.1931252170791184,34.70980025264935
0.27943571744300255,-7.214433283198468,34.725397547717265
0.616878840032953,-7.256375779561991,34.739975419576815
0.7838706629860621,-7.319283569811262,34.75353133028601
0.7797265745086437,-7.402447956846803,34.76606274190285
0.4695753263081507,-7.50597113267088,34.77756711648534
0.14646213959163065,-7.623937862737515,34.788041916091444
-0.23425961536614684,-7.755613830001503,34.797484602779164
-0.37213664753308134,-7.895041764277751,34.805892638606494
-0.1856422095444011,-8.039536218336085,34.813263485631424
-0.11773304134388207,-8.185016227175426,34.819594605911945
-0.0852118080192572,-8.32782640016994,34.82488346150605
-0.24440077514632447,-8.463898889072015,34.82912751447173
-0.6845436596187875,-8.58946345586468,34.83232422686697
-0.9249707997618942,-8.701611675815865,34.83447106074979
-1.0071629024369526,-8.796586215686514,34.83556547817817
-1.0417523000991333,-8.873687590610636,34.835604941210086
-0.9329485682862961,-8.929713405112912,34.83458691190353
-0.6671456538621177,-8.967538654893646,34.83250885231652
-0.22127716089002777,-8.985263803709932,34.82936822450703
0.16795464545310784,-8.983664324001474,34.825162490533046
0.4975672457096874,-8.962481507772237,34.819889112452564
0.7966303438441587,-8.921488068890566,34.813545552323596
1.0010454401265583,-8.860935725115551,34.806129272204124
0.9425077702362051,-8.780572194259566,34.797637734152126
0.5751596865775546,-8.680466300724252,34.78806840022561
0.43683152496730693,-8.560653100337188,34.77741873248256
0.5065311829179184,-8.421116208762763,34.76568619298095
0.6924931453613856,-8.26105726761008,34.75286824377881
1.1221779434793053,-8.08033886825561,34.73896234693412
1.103717584951454,-7.87825009972253,34.723965964504856
0.6584152824019649,-7.654390717712005,34.70787655854903
0.594819533784657,-7.406517034998432,34.69069159112462
0.8199366928707904,-7.133963934283213,34.67240852428963
0.6525756316003454,-6.831969229228044,34.65302482010203
0.19755116103651643,-6.499015108789581,34.63253794061985
-0.2395999210712602,-6.137559049234759,34.610945347901044
-0.763161123546256,-5.745969538443724,34.588244504003626
-1.0496656734847845,-5.329564318827432,34.564432870985584
-1.0346984801190358,-4.8885803295789785,34.539507910904916
-1.041394660536085,-4.426981144788419,34.5134670858196
-0.9802654064274423,-3.9467277043062308,34.48630785778761
-0.8029890638193257,-3.4557414870242145,34.45802768886698
-0.5413057738823839,-2.9570798661415156,34.4286240411157
-0.2506556631679937,-2.45805088084308,34.39809437659173
0.06283437926212183,-1.963464522510054,34.36643615735309
0.3558263394955093,-1.4792740769713304,34.33364684536854
0.6033409465406084,-1.0110278865496345,34.29972390268688
0.8142431535810457,-0.5639655505976111,34.26466479209944
0.9627505875153887,-0.1436833498441128,34.228466975709395
1.7700562901436785,0.2413501771430162,34.19112791240422
2.3228634159319683,0.5851311220402695,34.15264506414678
-2.0773035687442105,0.8827136480700497,34.11301666350603
-0.7311184658888426,1.1294598239601266,34.07224461093643
-1.5092739722783821,1.3251771798791185,34.03033445892424
-0.48077397437271296,1.4652306072852246,33.98729237077883
-1.404960098360618,1.5496994122475463,33.94312460506253
-0.8735731055039176,1.5764562120881536,33.897837325084744
-0.041584365330520456,1.555868194880842,33.85143723946325
-0.7307757345258099,1.491667822669764,33.80393276178484
-0.08918995854200418,1.3948250471295316,33.75533307590935
0.9702457515301177,1.271362408814145,33.70564826765138
1.5282214127410212,1.128166154060193,33.654889406250284
1.6862819247256011,0.9726289984421004,33.60306868326205
1.3411682764577395,0.8118969622440936,33.550198789626336
0.27753847105585877,0.6534447277214335,33.496292465247635
-0.3244950288322486,0.5125625973233907,33.44136257789289
-0.49059552468065815,0.39743367102363414,33.38542189714072
-0.43635767531246006,0.3220290386192184,33.32848327196312
0.12278405349173926,0.2970902228139156,33.270559506310725
-0.8014619808275016,0.3344513459399854,33.21166342026171
-0.5380296994306946,0.4458413320719832,33.15180783048472
-0.7521786876515882,0.6370931370705444,33.09100555471282
-0.6370134119419786,0.9103438016438063,33.02926941009636
-0.401204518871847,1.2585620949021197,32.96661221135689
0.04934025776215811,1.6826575275661122,32.903046775536154
0.6965350398779578,2.177332464206591,32.8385859367614
1.5707181702867783,2.740684723668815,32.77324251318663
1.6168336457736867,3.3679454279575145,32.70702938126
0.7428368480601564,4.056052285602977,32.63995936956893
0.2177959072720288,4.7871004951023295,32.57204529228117
-0.17495423506223673,5.547259216899633,32.503299898086894
-0.5952764848784287,6.308758975531307,32.433735802704824
-0.8311586563887519,7.052153203059193,32.363365678332386
-1.0899483599871782,7.758234867844451,32.292201985348996
-1.3269164495527495,8.408427682045723,32.2202571825223
-1.3057811948240103,8.993560614554644,32.14754348702093
-1.0758639502647123,9.499178147309427,32.07407302383801
-0.6019774111504649,9.917791924454175,31.999857584293952
0.1597609100202229,10.236960363534957,31.924908992331964
0.9472236926953677,10.446994427778016,31.84923897258482
1.7660669484013458,10.537034666220144,31.7728593434635
2.2830154406327248,10.496114173919226,31.69578184997866
2.3954206337381345,10.314866054749782,31.618018276913702
2.131084911422089,9.990925901240933,31.539580396202016
1.3410241761016413,9.529961796750854,31.460479981685573
0.724721476753278,8.952050562695735,31.380728807163393
0.2722883710081401,8.27080158501436,31.30033864644051
0.3564154846866352,7.506679530518932,31.21932127332199
1.1993411121830195,6.675449747055464,31.137688461612893
0.002939240052026615,5.7953977126103675,31.055451985118268
1.6147901895518548,4.883768266694883,30.972623617643187
-1.8816642820333394,3.958398514652499,30.889215132992668
-2.4253728964590957,3.036818346137575,30.805238304971777
-2.699163528738383,2.1357795622704963,30.72070490738559
-3.033530312144334,1.2728050968944253,30.635626714039134
-2.6472357356998284,0.46566886301998345,30.550015498737483
-2.030713289256097,-0.26829653616807514,30.463883035285697
-1.4287521963584542,-0.9206546261138431,30.377241097488813
-0.9421410723479539,-1.4817658555870883,30.290101459151874
-0.7355461557157671,-1.9537256980610398,30.20247589407997
-0.9746808567848211,-2.3329492212926146,30.114376176078142
-0.8192673383075851,-2.6237544791962923,30.025814078951438
-0.3281903116419791,-2.8247943132392628,29.93680137650491
0.18721873054794733,-2.9392585177980286,29.847349842543615
0.8896030187220701,-2.9683582517426177,29.75747125087262
1.291173149934294,-2.9132492931135587,29.66717737529696
1.3443705474866412,-2.7757757803230056,29.576479989621706
1.2013020300142545,-2.5592136236244167,29.485390867651898
0.7210417850120323,-2.2685322752628134,29.393921783192596
0.3154379464444964,-1.9302435796687063,29.302084510048864
-0.2919965197805958,-1.5667267147107147,29.20989082202575
-0.9519714941708437,-1.207895111844573,29.117352492928305
-1.0955068398194743,-0.8772627977557079,29.02448129656159
-0.9487734662672516,-0.592311443430944,28.931289006730644
-0.3254831880081068,-0.3608377393528148,28.83778739724054
0.1807924561852416,-0.18174617727076536,28.743988241896325
0.5778815126351721,-0.06077956315669675,28.649903314503057
0.7672531106362745,0.0037095045297691476,28.55554438886579
0.5905060551558773,0.007408911589038225,28.46092323878957
0.5204481807485855,-0.042253813604258283,28.366051638079462
0.48810385881658486,-0.1378995272289495,28.270941360540522
0.346956850808829,-0.262935137739151,28.175604179977796
0.18555147392906296,-0.40873311507326765,28.080051870196343
-0.27644891567836327,-0.5601673466682351,27.984296205001208
-1.0617052278181518,-0.7057651204432902,27.888348958197447
-1.285721924029873,-0.8327375918313542,27.79222190359013
-0.9450082126165202,-0.9285818169328384,27.695926814984308
-0.4116750395089884,-0.9900816733929485,27.599475466185027
0.5252334173759144,-1.0158657320549425,27.50287963099735
0.9547086791571878,-1.0126740248430648,27.406151083226316
0.7989901975591389,-0.9800732491037222,27.309301596676985
0.7098905147806351,-0.9241256583438763,27.212342945154433
0.46410388056194385,-0.846779951716014,27.115286902463694
0.2413254778973125,-0.7522555387286598,27.018145242409823
0.11210285458765612,-0.642735980346222,26.92092973879788
-0.2202314477538665,-0.5226845621902882,26.823652165432918
-0.5377629963850942,-0.3945171435288381,26.72632429611998
-0.8780162559314764,-0.2619895508388925,26.628957904664144
-1.2006097640649829,-0.12817710536297255,26.53156476487046
-1.2237690872787654,0.0033944206119422837,26.43415665054396
-0.8959702469343102,0.12944016982160267,26.33674533548971
-0.6177675672755347,0.24681958744512933,26.239342593512774
-0.32004325492952757,0.3522022109711438,26.141960198418197
-0.1553073530270187,0.44031169851243956,26.044609924011045
-0.20991747697137267,0.5082422534742302,25.94730354409636
-0.00909510685319409,0.5514233988282492,25.8500528324792
0.40714127101445097,0.566353231801981,25.75286956296462
0.7965288537036186,0.5486732664945868,25.655765509357668
1.2406220070342178,0.4945459277747273,25.558752445463412
1.3939525696665183,0.4006397688386567,25.461842148966113
1.1976215255318319,0.26304862640074766,25.36504639407012
1.0511621773952382,0.08737055814128869,25.268376944609617
0.8688733827427091,-0.12421776078318492,25.171845574680102
0.4993543848391039,-0.36235868947090955,25.075464066212287
-0.012403111323635968,-0.6234557131188371,24.979244191232453
-0.48546534375904626,-0.8997301014016991,24.883197721690113
-0.9219940975965762,-1.185602818344174,24.787336432479336
-1.4236241660341307,-1.475704350832348,24.691672097226743
0.511236874325748,-1.763950893393337,24.596216489737383
2.000969310351786,-2.043669898967928,24.500981383816306
2.244532707603015,-2.308940708663311,24.40597855326857
1.1568517979868251,-2.557074064595845,24.31121977189924
0.368892339663472,-2.782263334365383,24.21671681351336
-0.23288222896118937,-2.9824742586732214,24.122481451916
-0.9729645628268485,-3.153158413367655,24.028525460912192
-1.1054143414584177,-3.2910211820509194,23.934860614306995
-0.6953688343471354,-3.392291134343571,23.841498685905478
-0.5211970879926184,-3.4528260650350253,23.748451449512682
-0.570183999716146,-3.4693024780664468,23.655730678933665
-0.6910070430607055,-3.4397109193172835,23.563348147973485
-1.0188932676541205,-3.3619747718108233,23.471315630437193
-0.9946664063527745,-3.245191922504436,23.379644900219066
-0.594827568632122,-3.09157752281594,23.288347731133342
-0.2947439754594478,-2.909997909185964,23.197435896251758
0.020816449515360602,-2.705191026410229,23.106921169334168
0.31859058459572226,-2.4837435523427933,23.01681532735615
0.5285037850990094,-2.2516263631628144,22.92713014421787
0.7099516310373469,-2.0152496549845473,22.837877377223332
0.8250444666304269,-1.7807431736975745,22.749068787236247
0.8122101923489436,-1.5535259421929972,22.660715540930553
0.6569523842498963,-1.3397265559191789,22.572827491388317
0.6091300772989087,-1.142427630315816,22.48541368712834
0.6671654462421194,-0.9661460906340447,22.398483010951463
0.6111902107567119,-0.8086160932303308,22.312044206914763
0.48715056575586757,-0.673329851252416,22.226105780423925
0.18599300830476834,-0.559950775723552,22.140674797036134
-0.3391002693657907,-0.4700072015372214,22.055757895920774
-0.6346310056639326,-0.4045861701107778,21.97136100473381
-0.7091233441526213,-0.3647346264460958,21.8874898467222
-0.6274769551931397,-0.3503678437978748,21.804149458513688
-0.2760742476831331,-0.36234164211960396,21.72134482414732
-0.07602122181382104,-0.39621707652639127,21.639080774017085
-0.024474834027388016,-0.45158354717840354,21.557361863701665
0.07506423669487795,-0.5248327396736208,21.476191948221746
0.13145048046516622,-0.6141055793197518,21.395574840226583
0.18512282243158823,-0.7147041795325001,21.31551425389686
0.24355551516646567,-0.8240552100800755,21.236014001741545
0.12073920137046505,-0.9390999787663963,21.15707781761291
-0.19104958858862764,-1.0566516904508911,21.078709478325884
0.27913507134359167,-1.1777642071113,21.00091274691849
-0.13716114452151018,-1.2997512292163382,20.923691388368375
-0.2100627741117962,-1.4221970980079859,20.847049167653186
-0.4923277772572818,-1.5436737436234393,20.77098984975056
-0.3988758186740267,-1.6559039152222406,20.695517199638132
0.08378076686673452,-1.755712350380188,20.62063498229356
0.5469690478617154,-1.8362631990777798,20.546346962694475
1.0951420386317774,-1.892650007425755,20.472656905818514
1.005825723911806,-1.9237242469692886,20.39956857664333
0.15011923659859394,-1.9268220680136543,20.327085740146536
-0.5551240575103817,-1.906557443792498,20.255212161305813
-1.2870667068360993,-1.8613375382147601,20.183951605098784
-1.384692014289236,-1.7937291191595521,20.11330783650308
-0.6295384109621669,-1.7040341559555743,20.043284620496358
-0.13875382889984947,-1.5954039160798978,19.973885722056256
0.27468919165434114,-1.4689754933479091,19.905114906160406
0.5821943208565631,-1.3307434373486635,19.836975937786466
0.5839122596992469,-1.182876517875747,19.769472581912055
0.5935301195946348,-1.0303025151349292,19.702608603514836
0.5299308135872071,-0.8764975400609999,19.636387767572437
0.5244336757247579,-0.7244089139350627,19.5708138390625
0.6231618529732436,-0.5778040339837041,19.50589058296267
0.7349531868024873,-0.4413574484838773,19.441621764250584
0.9098643697381227,-0.31868630548771426,19.3780111479039
0.9347940090443213,-0.2112822160995487,19.315062498875243
0.7928854646122755,-0.12150981234330248,19.252779582139702
0.6494751356847692,-0.04266951682113871,19.19116616281606
0.45444494502282134,0.024410724849414075,19.130226005888023
0.2124825059049795,0.08583086793105334,19.06996287597317
-0.05887329093634497,0.14332079176148182,19.010380538055042
-0.3734960448459016,0.19971231019847252,18.951482760132183
-0.7238002355094293,0.25777253298978214,18.893273307395745
-1.0639495230489429,0.3212704180619318,18.83575602929321
-1.3879876528739372,0.39327012484302104,18.77893480278843
-1.5634643695973702,0.4764618922780158,18.722813621468944
-1.5601325034652365,0.574130747293749,18.66739638670859
-1.3224973056481815,0.6852011288099089,18.612687080957155
-0.7901381917013558,0.812332758377918,18.55868963869854
-0.5197836141594079,0.9534788929098023,18.505408014165006
-0.5173078925725177,1.1097885365904687,18.452846155815834
0.1657726298485639,1.2810352027786434,18.401008012665073
1.4702224121293161,1.4673240910557284,18.34989753420692
1.9056706716531697,1.6687362790850804,18.299518673162243
1.5509301053823887,1.8853211808039365,18.249875379174963
1.464642630088846,2.117409629243985,18.200971585292802
1.3796005716465678,2.365091498904934,18.152811164565424
1.2290257693912685,2.626752588946566,18.10539674899154
1.1544709971313183,2.9023773985265637,18.05872782364864
0.9131643026339499,3.1863266335910696,18.01280192198702
0.5298104475448018,3.4775649542663993,17.96761638532566
0.2374519033977695,3.7719153813924735,17.923168456514883
0.012522768543726748,4.066773726297957,17.879455476733398
-0.20552157231358056,4.355015631595975,17.83647470850313
-0.36979377474702785,4.633202270098645,17.794223457308703
-0.6158843523163031,4.895974393121337,17.752699014857846
-0.9490894924028179,5.138699236145072,17.71189867479789
-1.1559653493965587,5.356500505481569,17.67181973077617
-1.253470661664588,5.544571341173146,17.632459476440022
-1.3017204290901019,5.69827049927136,17.593815205436762
-1.2568968786564185,5.812799146622798,17.555884211413733
-1.2158294748573073,5.888258248260094,17.51866378801826
-1.1811508120740553,5.9213339638371085,17.482151228897692
-1.0628352199936502,5.914887287692774,17.44634382769934
-0.8782855186010415,5.867932828892843,17.41123887807054
-0.5787095716260315,5.780822898794029,17.376833673658638
-0.14385823743693743,5.654205558686385,17.34312550811096
0.2871190074601209,5.487897843291073,17.31011167507482
0.7243452043897853,5.282344311677598,17.277789468197565
1.199750560722545,5.037815656521832,17.246156181126533
1.6842624772569783,4.754571733364269,17.215209107509057
2.054957692818693,4.438721205825203,17.18494554099245
2.292032073200713,4.092500169163088,17.155362775224045
1.9803938175833173,3.724420870268225,17.126458103847366
1.0423091945406755,3.338361677979852,17.098228820509338
-0.007247680152823725,2.941134528300572,17.07067221880336
-1.2770458378448555,2.5381450955506577,17.043785592369918
-1.8399024674830204,2.134299098824896,17.01756623542218
-1.5214201037228947,1.7352752826024886,16.992011441646653
-1.3895735004452212,1.3473862549139084,16.96711850236411
-1.199536571106009,0.9761464278794535,16.942884711163284
-0.9631289924526307,0.622359593150065,16.91930744612681
-0.8354201895462074,0.2912866700906829,16.896384309026054
-0.5181391199097503,-0.018434600384056532,16.87411322762842
-0.06108168705461287,-0.30346502995004343,16.852492182046753
0.2908377889964523,-0.5635684764547824,16.831519361690056
0.5606117115818475,-0.79695682365053,16.81119298128244
0.7098091477379536,-1.0064759931005405,16.791511437819135
0.676540924212241,-1.1911816132191169,16.772473130438712
0.6302593640917646,-1.354723046549658,16.75407673533076
0.5433777382760159,-1.4976585025246796,16.73632090203835
0.5175175169235804,-1.6219051185814217,16.71920442634287
0.592129492318319,-1.728959645784454,16.70272591925503
0.7299783540575093,-1.820402562726661,16.686883132600475
0.9769912601111017,-1.8978126472444699,16.671673169481195
1.177562507569468,-1.963083033473617,16.657091420214368
1.3332306119025934,-2.0178184426847876,16.64313190779516
1.2347563970314945,-2.064852560649971,16.62978811873034
0.81990864786925,-2.105995465803928,16.617053592702884
0.5392438808209234,-2.144205186147283,16.604921772345527
0.3449759529525866,-2.181687876677034,16.593386194655682
0.03179734815894514,-2.21948120277663,16.582440322618744
-0.32505401395428024,-2.2598639029099106,16.57207765924599
-0.6123332048319348,-2.3054248707684826,16.562291694758066
-0.8353083524117446,-2.3581230175095236,16.553075921176376
-0.9445527765042385,-2.4199431623924763,16.54442383052232
-0.9027306859921824,-2.4930429269497267,16.53632891481729
-0.8218805777496454,-2.57785001318667,16.528784666082693
-0.6786074214050388,-2.676444543761379,16.521784576339936
-0.45532189183568467,-2.785427869836927,16.515322137610404
-0.16660626319056043,-2.9064210719984653,16.509390841915508
0.016418365308370347,-3.0361531930854624,16.503984181276643
0.0738356134633697,-3.1744773373328705,16.499095647715226
0.2740898999975225,-3.319392451833124,16.494718733252636
0.5847430961168704,-3.469765082001678,16.49084692991029
0.5473954210214451,-3.6232003506911816,16.487473729713326
0.1708082764955328,-3.7782367794220946,16.48459262468355
0.028281719255443066,-3.9316845578260224,16.48219710689692
0.05364207061517567,-4.081659233477158,16.480280668381717
-0.05296098798021115,-4.2247646130868795,16.478836800547803
-0.19878385685009942,-4.358616098905283,16.477858995372895
-0.1369466208219362,-4.48133236487071,16.477340747525684
0.12363456274062198,-4.590322095553889,16.477275550643895
0.13216314424177467,-4.682297251666594,16.477656877872388
-0.08927305708086801,-4.754805071587271,16.4784782574979
-0.19076328779069213,-4.805662134836861,16.47973314206812
-0.2506580147174864,-4.8322983191152,16.48141505403466
-0.18677735072407162,-4.834194315077202,16.48351746807691
0.06390013867371215,-4.809236877928591,16.486033882746128
0.22549260386988634,-4.757162700687689,16.488957788755574
0.3250129962297737,-4.676546225926812,16.49228267824745
0.2917874298357868,-4.568408825553437,16.49600204322337
0.05939689293059773,-4.431871130127519,16.50010937570474
-0.16885540578837255,-4.269851075778602,16.504598167712942
-0.42852218376231155,-4.082368636131072,16.509461911269387
-0.5060038561425615,-3.872828654453247,16.514694098306265
-0.345572052467237,-3.642371704944968,16.520288220835784
-0.18232585000355123,-3.396201452070398,16.526237771612664
0.04964892648351816,-3.136460802787594,16.532536242703504
0.3039899793826948,-2.8674909160653863,16.53917712295918
0.5500810635502319,-2.592474123911664,16.546153904305978
0.5857534832296433,-2.3141158151221255,16.553460099916006
0.3627527783657316,-2.035826739375893,16.56108922606393
0.20076092430406167,-1.7602215915072819,16.5690351147791
0.04699788373526677,-1.4904212262027103,16.577291921336453
-0.11196618470032778,-1.2272349416967705,16.585854205580244
-0.2200894797936253,-0.9734174115680228,16.594716594272683
-0.30911039398633305,-0.7328053925007416,16.60387387559183
-0.3565314391836636,-0.5077357933301556,16.613320836054566
-0.389179883761004,-0.3017115305079119,16.623052382654688
-0.40331820227628445,-0.11762980943182522,16.633063324162507
-0.35147349831761177,0.04440288869146031,16.643348548556617
-0.2331241604940169,0.18163234098812853,16.653902899311493
-0.10983560568829875,0.29452603319336185,16.66472123548485
0.025851889485293652,0.3814279718932795,16.675798413052664
0.16921026052069862,0.4416563467657495,16.687129288374475
0.3067477666661948,0.47437405318424086,16.698708717755817
0.39732433314048615,0.4781310174873446,16.710531557502208
0.428026378990296,0.4523976077727309,16.722592663919194
0.43255067376215767,0.3990321278363942,16.734886893312325
0.3948305365344836,0.3190036670613013,16.747409101987124
0.252405642341623,0.22024856236267798,16.760154146203764
-0.0014506493336088827,0.1046298375393912,16.773116882263103
-0.21326789991763617,-0.02169147119936471,16.786292166868115
-0.38935948980049834,-0.1547460660849406,16.79967485634984
-0.447342586291401,-0.2892756130318636,16.81325980513161
-0.33956296590071483,-0.4206597219975404,16.82704186945113
-0.21502423365325124,-0.5467861932230349,16.84101591923335
-0.03904741214765961,-0.6631436652239986,16.855176811619756
0.0494450828825464,-0.7668470046547712,16.86951944195228
0.016293831294893642,-0.8542207545104298,16.88403867485164
0.04462838511451947,-0.9202109915149761,16.898729421052707
0.09641108816032706,-0.9611837912558439,16.91358656513534
0.16423628526558484,-0.9727841613106031,16.92860513107175
0.275487190598439,-0.950853971945343,16.943780161463337
0.22157544485576391,-0.8975461994236722,16.95910695625355
-0.007180477430300193,-0.8110071453236408,16.97458082747661
-0.1375345847536058,-0.6960743251709162,16.99019728882094
-0.20418146897485348,-0.5523997397191184,17.005951882168418
-0.20956238572143127,-0.38805392148956364,17.02184037442758
-0.09745160406779417,-0.20492424419878896,17.037858559221647
-0.0238173531176636,-0.009059838601405412,17.054002362988182
0.02507241244303044,0.19559052477542035,17.070267627816904
0.08457540615436913,0.405385742432371,17.086650321209806
0.12496346777678034,0.6159138913653099,17.103146319615444
0.12494001036681018,0.8237055358257479,17.11975157994111
0.07591583320834941,1.0246834658357054,17.136462010898512
0.017098460844279267,1.212219758369706,17.15327354121787
-0.0597213273605744,1.382129881700517,17.170182093717532
-0.13823552221839638,1.531407063723909,17.187183592050147
-0.2108356677212384,1.6553069915377696,17.204273960130696
-0.20001567735399162,1.7533334085008598,17.221449123804096
-0.08925776990759736,1.8216374267306663,17.23870500705988
0.013510237237390445,1.8652472894405165,17.25603752053654
0.12870850388526703,1.8824370418867051,17.273442587366794
0.2453932239489573,1.8782216242568661,17.290916024890045
0.34454488184776777,1.8532853126354882,17.30845370553508
0.359097361783315,1.8108681777541002,17.326051411263656
0.26916700698954465,1.7529843648025765,17.343704992059507
0.1242875360922632,1.6850005432637976,17.36141025298932
-0.10148551194978708,1.6095570012498253,17.379163021349736
-0.1634455141377232,1.5332258508260037,17.396959116974248
-0.0382102156489729,1.4597886778272464,17.414794361194186
0.04846500310500304,1.3933597601671035,17.432664575147705
0.15418285036582696,1.3384858279763772,17.450565580000156
0.1821417971797079,1.3006552454419524,17.46849319691689
0.09292869206812199,1.2843563667437965,17.486443247063253
-0.028098927078794633,1.2924699267472444,17.504411551604612
-0.219159591786411,1.3296244820948906,17.522393931706308
-0.3809268350092471,1.393491270976702,17.540386208533693
-0.5028242474873678,1.4863747537970584,17.55838420325212
-0.6840420624237117,1.6031464185544737,17.57638373702694
-0.9026315995628482,1.7438636997162544,17.59438063102351
-0.5806127585956411,1.9054647062414931,17.61237070639533
0.32666516910235965,2.0862752593096396,17.630349784306535
0.9352659209917554,2.2842819279437103,17.64831368597347
1.342939535509988,2.4974656879718267,17.66625823256271
1.4359956727443703,2.7240791015395582,17.684179245217802
1.012383787841338,2.962148532385897,17.70207254511682
0.3668754038791704,3.2061534467159554,17.719933953771474
-0.6128446933007168,3.4538165348966,17.73775929238394
-1.176710172431294,3.6994158218561153,17.755544422075445
-1.2381141930599369,3.939422914468793,17.7732851682429
-1.0785157248654986,4.172471149327026,17.790977408563833
-0.47208732918843543,4.3946963771240695,17.80861698365259
-0.047968841543077775,4.607748518937866,17.826199817438336
0.18284669025349504,4.809047529569158,17.843721851129693
0.4594224145797847,4.99742444433432,17.86117924203958
0.633861993747093,5.1715726656594585,17.87856821100678
0.6131021982153472,5.33059366638528,17.8958852158381
0.36982155020020074,5.473202724728571,17.91312669562713
0.29007999047674066,5.597656023101986,17.930289227894644
0.36510350994948365,5.7027289325722235,17.947369362504038
0.24403933217133433,5.788661359314391,17.964363794718363
-0.00710653005928231,5.854230897445551,17.981269134169
-0.21214383614563778,5.901136246342161,17.998082086806754
-0.4141920713210432,5.928939305714649,18.01479929346783
-0.6021600641358201,5.938121397181829,18.031417438126628
-0.746999520273622,5.9290848643565806,18.047933182904192
-0.8260604978234674,5.901760663719122,18.064343198066616
-0.8193142200642782,5.856760359174919,18.08064415172925
-0.743646978863223,5.79563214058619,18.09683271244119
-0.5816789677076462,5.718937834009757,18.112905548690506
-0.37655208063816925,5.629998709198051,18.12885932896522
-0.12661395505915646,5.52993823303054,18.144690721753378
0.1285978313997716,5.421520538731442,18.160396391653475
0.374644028140884,5.306629152488892,18.17597300675319
0.6521178216599712,5.186488055096258,18.19141724555594
0.9459387577394791,5.063126537821204,18.2067257762604
1.1256660554062705,4.939201220881765,18.221895259179075
1.1800041101119845,4.8165731830475895,18.23692236458672
1.2282561244007932,4.697139098969426,18.251803763401867
1.2389468458838533,4.582994785824464,18.266536123073276
1.3378229654804443,4.475715409329418,18.28111614587008
1.5528494408349225,4.377276490878519,18.29554050392921
1.5826844656993269,4.286095742498924,18.30980592358526
1.446113505797923,4.203711650802699,18.32390909079732
1.2191427386541525,4.127420263695312,18.33784681001261
0.8369986295159473,4.057625412547372,18.35161592352439
0.44096385860103154,3.9929691936362586,18.36521348650867
0.030840140278701852,3.9328741574581842,18.378636639506503
-0.40207713407584733,3.8765321200515106,18.39188284333569
-0.8221135649444105,3.8231937935452365,18.40494957191973
-1.178238438591078,3.771517184359878,18.41783446562348
-1.4473056146822874,3.7210795622432427,18.430535114851917
-1.6447790535365991,3.6715907400487944,18.443049210849797
-1.7430823206975157,3.622544983227287,18.45537436306902
-1.7748973402689947,3.5716227074511835,18.46750824054774
-1.7311369183439094,3.518199764113235,18.47944848095715
-1.6321947069511564,3.4572805225280954,18.491192733206816
-1.482893584364655,3.387258778573461,18.502738643632437
-1.194760278501861,3.3035273652436414,18.51408386187295
-0.7667459596242998,3.2030391559285416,18.525226034928078
-0.4482229968765506,3.082456608495921,18.536162813546703
-0.23964574636538186,2.938292817410437,18.54689184582483
-0.07471726099643938,2.7672492016243257,18.55741079354368
-0.016832047531744387,2.565799331361807,18.56771730690223
0.33366384801448623,2.3307313734760773,18.577809060139526
1.0003424254947382,2.0585938816038096,18.587683709083826
1.4632554097445238,1.7511992943841854,18.59733895456319
1.7916085166358904,1.4089272156722303,18.606772461947376
1.8441351539476158,1.0458378235670172,18.61598195238666
0.06756062859593517,0.6693727659038602,18.624965106507872
-0.7623296379968578,0.2929793258972673,18.63371964888194
-1.2821787757732086,-0.07374947834088186,18.642243275333474
-1.3664903430971989,-0.41813839813300313,18.650533754638573
-0.6898418686247589,-0.7292941000722366,18.65858884369159
-0.26665039958616493,-1.000483128362712,18.666406454640924
-0.03242631278567133,-1.2207999904768012,18.67398448886441
0.26498818858212525,-1.3857072580132488,18.68132103330494
0.41851528807172983,-1.486126828306428,18.68841415982637
0.3445994803398531,-1.5210286822087815,18.695262141751904
0.13326825359153,-1.4967064834716701,18.701863242967892
-0.07501357427631973,-1.4305572735642138,18.708215894334053
-0.2474246968876675,-1.3317907395261268,18.71431848040681
-0.2463364229846805,-1.213334672149744,18.720169501277294
-0.06921709279417843,-1.083247286535156,18.72576736307217
0.10080164093107573,-0.942258073526688,18.731110559783737
0.2864606887423325,-0.7985881638746195,18.736197531969726
0.26092660479673213,-0.6528903737647331,18.74102676112932
-0.023559125953795935,-0.5104961531152117,18.745596705451565
-0.11165805033299417,-0.3698910375029989,18.749905870086515
-0.046373864182378204,-0.23406018400157913,18.753952741044042
-0.05153437213339609,-0.09634242145840921,18.75773597101533
-0.04907218337770418,0.04242516352782788,18.761254218550608
-0.010773219873174044,0.1772070747656047,18.764506319029387
0.04597647105268287,0.3050092231411523,18.767491068663336
0.0691171341199438,0.4177002934988685,18.770207410372148
0.05488614445293116,0.5112835282973054,18.772654210599885
0.036699402528750424,0.5802311188542983,18.774830435053044
0.0004357293670891936,0.6192741202493879,18.776734978631644
-0.05739422178830779,0.6275529437219822,18.778366785660296
-0.13599544216845014,0.6003370922228557,18.779724774695268
-0.12088773891097422,0.540319506338613,18.780807874482864
-0.0014632348541958962,0.44489204314373465,18.781615010774125
0.0557715507278426,0.3217776424889838,18.782145106600964
0.07190309446944464,0.17249346777967012,18.78239708794447
0.1277926038774984,0.004828270867533124,18.782369896776938
0.19753323841688145,-0.17747711457104898,18.782062423341596
0.3053393450620947,-0.3702220839594118,18.781473641918527
0.4625984037881119,-0.5685843736734868,18.780602431021816
0.5430137931407375,-0.770709968096273,18.779447751099205
0.545686377758477,-0.9723063973908393,18.778008510477772
0.41230174087835975,-1.1712767706875462,18.77628364190409
0.10141257385164623,-1.3642148023100222,18.774272069479483
-0.7430641532308364,-1.5493592948139887,18.771972720326627
-0.6056840103389797,-1.7238001228702255,18.76938452055926
-0.7086345938322152,-1.8838181579451554,18.766506393075403
-0.41528126384832137,-2.026719724160025,18.763337263848456
-0.2966217203297622,-2.1514882501883745,18.75987608900629
-0.32173665907124993,-2.2553048742486377,18.756121858943185
-0.3306456695468435,-2.3447289523168013,18.752073847497712
-0.4202614674722674,-2.4193711149394304,18.74773152806655
-0.41604255062190104,-2.4857368396311417,18.74309463108205
-0.30896115830100007,-2.5454850955124084,18.738162854686408
-0.1960017120359733,-2.6024515077916446,18.732936087486728
-0.03745614154268888,-2.6597356277799995,18.72741429258516
0.13672088964846932,-2.7200814090925327,18.721597654536392
0.31928123892900806,-2.786692374956185,18.71548636248208
0.4933416914351667,-2.8615837437644425,18.709080732212065
0.646447817443097,-2.947893214280247,18.702380990760734
0.6099625756142281,-3.046800411273612,18.695387448772873
0.3543516007137891,-3.160485608106386,18.68810036506274
0.1185681252603602,-3.2824124104375763,18.680520022697234
-0.13755176104888886,-3.4138520621014705,18.672646696075756
-0.2819483931264081,-3.5490687680738033,18.66448066219113
-0.2582114184715343,-3.686485874452992,18.65602219742606
-0.28931127186878963,-3.824189232150442,18.64727157751591
-0.33079966270040995,-3.959530833638561,18.638229078856803
-0.28088177048081114,-4.08757973975074,18.628895038334065
-0.16373019887209644,-4.205708342801348,18.619269858669345
-0.06454323441427676,-4.3069879114390455,18.609354393763905
0.024745143192146657,-4.387701572148106,18.59915012622096
0.08604554085590424,-4.446111329588594,18.58865913620208
0.0970661871679678,-4.477948902533242,18.577883530741254
0.08325318168413641,-4.487635280749815,18.56682552386009
0.029804700881318,-4.475126269890879,18.555487231313002
9.387723680560163e-05,-4.44826367567741,18.543870847792526
-0.0016799682908127046,-4.408821627979244,18.531978524364227
-0.0071351993987153065,-4.362174860609961,18.519812425863883
-2.113104641650169e-05,-4.312067562542911,18.507374715397766
0.0025667651479728926,-4.262867377074454,18.494667550686337
-0.0005460976536899932,-4.218749795072512,18.48169309421316
-0.0026930055442273074,-4.182575598399946,18.46845349410873
-0.007909421036815923,-4.15841905704106,18.454950910070693
-0.008828996666871407,-4.14801610271493,18.44118750829694
-0.0051775089292063516,-4.1549374690535,18.42716544603505
-0.01209678751278048,-4.177091599839057,18.412886967442233
-0.029106641601134978,-4.2168687060024626,18.39835427831344
-0.024502235231744645,-4.2718916988033495,18.38356969008477
0.0010154921986174747,-4.3427877387700535,18.36853542796144
0.04065583777292521,-4.425984375996125,18.353253788629292
0.10224281542873538,-4.520912832844234,18.337727027966345
0.1586043412796547,-4.6212643627660785,18.32195741752462
0.20946721125303278,-4.72508980946952,18.305947224840732
0.2148136413728341,-4.8294707827164345,18.28969871428334
0.1631004628304302,-4.931195498355719,18.27321414511792
0.08406725811948788,-5.027662127009107,18.25649577741732
-0.03705526081268245,-5.1158610313290405,18.239545810806685
-0.16411611193680342,-5.193722404017812,18.22236641860901
-0.29399966504617714,-5.258438514916982,18.204959788274312
-0.39798673040843763,-5.307430499263742,18.187328017257997
-0.46187477930577714,-5.338112057704325,18.16947328015704
-0.465981338309384,-5.348305530666639,18.151397673057595
-0.3919744770261201,-5.335458582011471,18.13310334141027
-0.3194706501375796,-5.302742031081283,18.114592396777837
-0.24003070764438866,-5.2484087689767644,18.095866968605165
-0.15973405656776307,-5.176267426719662,18.076929178376417
-0.09590122371073648,-5.086513866594893,18.057781150433172
-0.03682489553716169,-4.980863586208905,18.038425008284854
0.007503008240600462,-4.860593721529675,18.01886287561996
0.1534714066788382,-4.727079986002295,17.999096876211766
0.40985157475821704,-4.581682987274411,17.979129133737274
0.5852044762997042,-4.425747173250865,17.95896177079657
0.6970424194715508,-4.2606318892603,17.938596910983378
0.7722539930514434,-4.087777100986529,17.91803665666449
0.7702544835183168,-3.908546327963098,17.897283128973584
0.7062449190254941,-3.7237544332437635,17.87633840969464
0.566997311248715,-3.5347297314652772,17.855204610755653
0.36686376560529294,-3.342087856886293,17.833883817621363
0.10217777426215598,-3.1469412422653944,17.81237813145683
-0.14502969700549567,-2.950367687899672,17.790689646311982
-0.364985553433935,-2.7533465234183723,17.76882045870697
-0.5836408634181653,-2.558258362056544,17.74677266450473
-0.7752325511269831,-2.3662605366102896,17.724548359677932
-0.8568655901821036,-2.177649965703738,17.702149640191827
-0.812149761962753,-1.9938306484344053,17.679578602012707
-0.7058832467733605,-1.8148203006750183,17.656837341106858
-0.510931259648579,-1.6415580859322145,17.633927953440566
-0.3129144970653832,-1.474524174017349,17.610852534980125
-0.12260735594401789,-1.3143731830084513,17.587613181691818
0.02338156596289618,-1.1616788634749484,17.56421198954195
0.09235053619114783,-1.017051624988322,17.540651054496802
0.1513156391340595,-0.8813295509463015,17.51693247252266
0.17775110939501657,-0.7551382278400738,17.49305833958583
0.20537564336900005,-0.6400376750585015,17.46903075165454
0.24212227689914026,-0.5368086189323316,17.444851804695286
0.27178045687810926,-0.44654893952518415,17.420523594667884
0.30563592463728684,-0.37024871517842917,17.396048217538628
0.4688988159615505,-0.30847232716812223,17.371427769293682
0.7767078702517887,-0.2621721974807453,17.346664345899573
0.9003350323592583,-0.23205881073116283,17.321760043055395
0.8502480253170754,-0.21894506811075112,17.29671695670563
0.6989066616681259,-0.21961855500190638,17.27153717713324
0.3681501931526742,-0.2344149866253466,17.246222799632083
0.10438058789390472,-0.25904715727492744,17.220775897523353
-0.0907937318743332,-0.2923989019489138,17.195198562462426
-0.16943178137962356,-0.3319151535700367,17.16949284147393
-0.0601032244072984,-0.37550820192852585,17.14366081663965
-0.08815834342609184,-0.42097452504287836,17.117704529743996
-0.23281412911145904,-0.4661279795631887,17.09162604931949
-0.30878683265378964,-0.5089586000476718,17.065427385466393
-0.3732032395633433,-0.5472980265364747,17.03911059381684
-0.419093174366827,-0.5809041633538428,17.012677641245745
-0.42534874075287804,-0.6078505727020038,16.98613056206034
-0.3635010877940121,-0.6269913761238246,16.959471307095395
-0.21925240743915073,-0.6369422060397592,16.932701884116504
-0.0786387775473518,-0.6380314190377663,16.90582421019738
0.0666016726696482,-0.6290929578479592,16.878840269006975
0.18724378444871906,-0.6098201875078317,16.851751951017032
0.2614957104258558,-0.5795386622534261,16.824561212716375
0.2862686476117655,-0.5376009703934044,16.79726994031307
0.24099156078919343,-0.48337326453064466,16.769880065778782
0.1674260474273226,-0.41854603997727663,16.742393476819647
0.05626878750437306,-0.34271902187788483,16.714812089131343
-0.045124564626824876,-0.25816665286334683,16.687137781926356
-0.12640792043046323,-0.16537120939592054,16.65937246003613
-0.18303565096120802,-0.06604898220283137,16.631517990631135
-0.19577269552741802,0.038724641184043576,16.60357626797392
-0.16222098248679132,0.1475976667047137,16.575549165639078
-0.06941124512958863,0.2593135942319724,16.54743856864019
0.010575259499236574,0.3744241921277294,16.519246354485333
0.07927393935092934,0.4918406106927801,16.49097440462967
0.2089717947643812,0.6116461314485234,16.462624587009465
0.38834595191879584,0.7333254216028551,16.43419878074396
0.4522968104817117,0.8563911424309897,16.405698853542024
0.39773676679301917,0.9804725130316488,16.37712668031641
0.26179995050108074,1.1040554794735167,16.34848412900237
-0.0003224918467167131,1.22661221075062,16.319773071965564
-0.28778489406119945,1.3466719775316056,16.290995376467507
-0.6054801924282711,1.4633402514770528,16.262152913221882
-0.8004034612902151,1.5756882963577874,16.233247545339076
-0.8333465382602887,1.6826731708388283,16.204281141856995
-0.7725196487770284,1.7850229196143619,16.175255567899615
-0.5598532350154977,1.8819157800057282,16.146172690515005
-0.3314710490005507,1.9725452670343464,16.11703436883139
-0.08561097549751279,2.0565161021945784,16.087842468633017
0.21682968756126014,2.1337517271212234,16.058598839547088
0.5453372755658329,2.2037546111023505,16.02930534388433
0.7539560500150806,2.2662087285964607,15.999963824462966
0.8213181925153114,2.3207581169573417,15.970576138186395
0.7925200906785999,2.367050497220736,15.94114411439004
0.6176382310778382,2.4047349855232216,15.91166960343422
0.48983295820544104,2.433480586193191,15.882154414481256
0.4121907598805833,2.4529363963751396,15.852600388049444
0.32241264473854314,2.4648281840795585,15.82300932387195
0.26777687884988965,2.469022792541814,15.793383049918994
0.16005157584941457,2.4676941875757414,15.763723359638027
-0.00022830531143371285,2.4614579140095207,15.73403207009586
-0.1524361134672777,2.451605570786913,15.70431096617374
-0.3126213653026727,2.4392253207864893,15.674561855496338
-0.5001398721191994,2.4254574635091752,15.644786516928567
-0.7090928671314936,2.4114308995708122,15.614986749184265
-0.6939544432479237,2.3982396445823113,15.585164320969154
-0.43226013437441435,2.3870103345252836,15.555321022745897
-0.3148707308266321,2.376583595705416,15.525458625639061
-0.3000067210463641,2.367841708210996,15.495578912392427
-0.2002112889640639,2.3592304333090346,15.465683660682872
-0.08105610153610437,2.350819332405032,15.435774649825778
0.10100807787453162,2.3423334449327817,15.405853659953161
0.367613786465092,2.3333883970296503,15.375922470162186
0.5741635885010719,2.3226223375039794,15.345982837396324
0.7273211154996007,2.3096018765557367,15.316036538772979
0.6898183977124793,2.2946262038269696,15.286085311324772
0.4117282017705399,2.2770789377277354,15.256130922470664
0.20634109142228965,2.2577379246731657,15.226175112265414
0.039199925969439144,2.236395820648505,15.196219637226953
-0.17947279129398264,2.2136462980907647,15.166266215387086
-0.3929149280980446,2.189622211803393,15.136316595181961
-0.5703293900678081,2.1645926249695795,15.106372465698295
-0.7029616276471727,2.1388181311866,15.076435561099492
-0.6987141241579065,2.1127048302750597,15.046507563110328
-0.5318572375964135,2.086524794720016,15.016590188498554
-0.426393879736473,2.0622547451280253,14.98668513069945
-0.3644487927292926,2.040379314141311,14.956794095041516
-0.18830760145149114,2.0225682040613964,14.926918778797559
0.06675632787410973,2.0098461970217505,14.897060883654254
0.31325784869953205,2.0032931425812355,14.867222104491217
0.567172699223614,2.004177427005425,14.837404141222866
0.7260555830537967,2.013617286981382,14.807608694369673
0.7622903844560369,2.032822323717733,14.77783746257652
0.623628959475955,2.0594708821044456,14.748092150030836
0.260917807596204,2.0943958929835964,14.718374456532942
0.07152470953115646,2.1334729242507744,14.688686077421583
0.05237920939699939,2.1761889284167144,14.659028713216301
-0.09002894075794449,2.221193495018468,14.62940405029876
-0.2783682157322886,2.2669363738130515,14.599813786245752
-0.4446746829654502,2.311045222128994,14.570259615863417
-0.6203879651606065,2.3519889840643384,14.540743233435858
-0.6981731186775525,2.3882531145995705,14.511266327983957
-0.6622759096168789,2.4180698500487527,14.48183059354809
-0.5497897040928296,2.441188299569569,14.452437717026713
-0.33703067193365366,2.4560346104254505,14.423089390327146
-0.16710239554128647,2.462490875908831,14.39378730415609
-0.05091579614031187,2.459483437958248,14.364533148989247
0.03172359988125899,2.446308904832557,14.335328584487446
0.037586792694421015,2.42217130478099,14.306175298085266
0.14105506993105943,2.3863203438153753,14.277074927316246
0.34059023352473405,2.3379260714881163,14.248029146821398
0.4989316445833405,2.276316403951851,14.219039595457325
0.648040046018655,2.200690401713254,14.190107934352822
0.7743603496856364,2.1100241538375895,14.161235792065208
0.8561208925864756,2.003528609889655,14.13242482073961
0.8030227686077528,1.8828682934405703,14.103676651918915
0.5910190834529334,1.7476264114728866,14.074992929418945
0.38712829931692166,1.6044944650881374,14.046375285586972
0.1684755360419106,1.4543545039973007,14.017825359996035
-0.050429761935145416,1.3009735271774916,13.989344756098175
-0.23535857224548576,1.1471017084608048,13.96093510791509
-0.4085943437256949,0.9967623577274195,13.932598018872719
-0.5498877361054701,0.8530362195590664,13.904335111516863
-0.6965287938416346,0.7189521508290714,13.876147977528419
-0.8454881856014898,0.5978349604384132,13.84803823143649
-0.8476504612652729,0.49328150760410505,13.820007460267854
-0.6954763838951192,0.40855029256498254,13.792057269675228
-0.5876314013115047,0.34695335487363643,13.764189242820567
-0.4982632266131838,0.3118527452118792,13.736404978220937
-0.429215857908203,0.30452420762733545,13.708706048226869
-0.42136031541553776,0.3280112520879191,13.681094044679595
-0.3950666776314297,0.3827039397482584,13.653570545255945
-0.3647770769278179,0.4708016925554974,13.626137135174552
-0.3578112681528539,0.5861644404425226,13.598795377440373
-0.364743268368385,0.7290676462480082,13.571546853172933
-0.3440314149620554,0.8910228238369081,13.544393127907057
-0.29435777689388104,1.0696907846043933,13.517335776261266
-0.16826058208559547,1.2553217824078602,13.490376375884727
0.05199295282021207,1.4432077974104542,13.46351649945685
0.2605480047825826,1.6262443428199211,13.436757695071483
0.4700071971612533,1.79817030210368,13.410101534361793
0.621062294178271,1.9512496621484374,13.383549550409818
0.6858948120148747,2.0789041718021473,13.3571033043204
0.6978268137795741,2.178039482642914,13.330764312885114
0.6283521884448763,2.2427609104034087,13.30453412526488
0.5304968987280776,2.2749842920712133,13.27841424638577
0.4015360417474047,2.270383631206185,13.252406212317739
0.34225674869981354,2.2300488451959253,13.226511511543674
0.3750540699357478,2.1520598750188795,13.200731667094319
0.4472596431954988,2.0419666559210468,13.175068167113668
0.5943940453393413,1.902408307007341,13.149522521942522
0.6731603047395266,1.743582381641274,13.124096211009249
0.6753115060862539,1.5695141152827266,13.098790735825103
0.6309537190513227,1.387754076117664,13.073607559926497
0.4998877298242358,1.2043593942434048,13.048548175122587
0.29442448763456497,1.0202459554347274,13.023614006020281
0.0009767213736863209,0.8412674875216302,12.998806530020646
-0.2723977631536928,0.6683359674077806,12.974127160716211
-0.5207187321857794,0.5054195904146829,12.949577354781717
-0.7035324586842465,0.3545398758735492,12.925158499511275
-0.7841239488965026,0.2186933907068681,12.900872033296892
-0.7771330681291407,0.09953630816573364,12.87671934685963
-0.6515410616807443,-0.00044952418455965204,12.852701860180678
-0.47671500693871893,-0.08748013713640257,12.828820960147398
-0.24452497732995648,-0.1601770875697532,12.805078055967128
-0.009495776704516637,-0.223042505226072,12.781474534924945
0.20935010974555598,-0.2773744674254276,12.758011798201283
0.43816355613498004,-0.32547817142883095,12.734691224424136
0.653854092757237,-0.3695298165505561,12.711514208920903
0.7796238393594989,-0.4119131217524904,12.688482124783299
0.8008650607247524,-0.4548122583557841,12.665596360631099
0.7492169981153525,-0.4985818703832001,12.64285827791924
0.5969830019140022,-0.5453002149253228,12.620269258420663
0.4442779025521421,-0.5921904226451323,12.597830663519893
0.29382065478841635,-0.6403631516134949,12.575543867502232
0.1332291092754119,-0.6884907805351426,12.553410235752041
-0.010388804955402939,-0.7364087610813181,12.531431138361162
-0.1476063760496571,-0.7835443586458274,12.509607953136758
-0.26740241840275464,-0.8294488350844221,12.487942049836171
-0.36219497719499055,-0.8736136194077818,12.466434807042695
-0.4266392143087042,-0.9155652875078881,12.445087597697405
-0.4665765384315522,-0.9548088244425534,12.423901776280717
-0.4769243779707825,-0.9908638010957342,12.402878715271038
-0.46843778417050697,-1.0233447196293546,12.382019746268435
-0.4407190596247668,-1.0517813493048696,12.361326232512251
-0.3983876376725418,-1.0751756857419708,12.340799487275897
-0.3444777087734367,-1.0930305370900864,12.320440860198376
-0.28184469890971553,-1.1050432610447858,12.300251639621075
-0.21379156473149333,-1.1105982759732633,12.280233159290052
-0.15648271175535658,-1.1098653426532559,12.260386697972342
-0.11440694368290036,-1.102403184949649,12.240713571739306
-0.030719823194226246,-1.08806843183967,12.221215063209527
0.09317976149294623,-1.0666080736630732,12.201892475351416
0.1862774471996095,-1.0377573071742319,12.182747077840132
0.2562175507028413,-1.0012350759785351,12.163780165106976
0.24876598733858674,-0.9573655800914807,12.144992955102529
0.14269957056673432,-0.905929937690952,12.126386719951986
0.042478195483132655,-0.8524624629245925,12.107962629058218
-0.0681239992033035,-0.7974860612625494,12.08972192413164
-0.1238529888209251,-0.7459461848789242,12.071665746005891
-0.09889689733519769,-0.7001937162850171,12.053795307107787
-0.09133826795835526,-0.6647598366904967,12.036111737274643
-0.07897879232175056,-0.6428641505283869,12.018616221680514
-0.04698003588005538,-0.633714449763523,12.001309838675265
-0.007502126464875443,-0.640462839568777,11.98419372836543
0.053877080597094285,-0.6607041764957524,11.967268907441227
0.1368935549977959,-0.6959007899074194,11.950536451435795
0.1912353934505,-0.7449987629807888,11.933997301839115
0.2150627718878401,-0.8081766545528727,11.917652463224021
0.16654677076261507,-0.8809117083306173,11.901502831234033
0.02619608512152767,-0.9626116237702403,11.88554938478432
-0.08181366289276214,-1.0477471350545586,11.869793009476403
-0.16764491821244196,-1.1341498138468753,11.854234652423496
-0.2425899842846613,-1.2175349204551749,11.83887517879403
-0.2796432760173005,-1.2946451873097111,11.823715511460906
-0.2562245228598363,-1.3634860644516484,11.80875651419861
-0.15824495154130003,-1.4206918965821904,11.793999088712326
-0.05900533575692087,-1.4669847219014922,11.779444108319012
0.049566000680928236,-1.4998095411845949,11.765092462127027
0.17588089810072602,-1.5208297595971867,11.750945014322324
0.30547870273541505,-1.5288072748347499,11.737002647594203
0.42523683361249276,-1.523574772185936,11.723266201868038
0.5282899758692059,-1.504763011240713,11.709736550532106
0.54324859637202,-1.4729819250818572,11.696414513928064
0.45449978391137674,-1.428055866975518,11.68330095101764
0.31036307969798227,-1.3732983724090086,11.670396654327863
0.08655015056931803,-1.3091104882303932,11.65770246580384
-0.07417701762172008,-1.2381337281542937,11.645219179263695
-0.15812934660642983,-1.1617917285641957,11.632947618608124
-0.38261030641788485,-1.082412745816702,11.620888539368014
-0.7232188499785075,-1.0018083922849803,11.609042742201675
-0.7691878350375447,-0.9200595394501181,11.597410920834673
-0.52469475408153,-0.8389268452970146,11.585993853318856
-0.3645565512264096,-0.7585800387029807,11.574792255542867
-0.21329690779222113,-0.6801467892578509,11.563806876526531
-0.059575177618091585,-0.6045658301487846,11.553038433293457
0.035406017137219165,-0.5327055730801987,11.542487663604437
0.04694439332112496,-0.46574786080472136,11.532155252685923
-0.055752926120681445,-0.40462503457064497,11.522041927587527
-0.07537237393942584,-0.3503725132185704,11.512148301706441
-0.018916497612721316,-0.3040003158322483,11.502475006560294
0.016565881455939742,-0.2664794846782242,11.493022500572696
0.071068036125993,-0.2388941109764809,11.483791267171961
0.129528874649453,-0.2221648801694626,11.474781666820773
0.18564045726366615,-0.21736921580342328,11.465994140169574
0.23783544309407753,-0.22543985492442636,11.457429019711782
0.27996638955943504,-0.24745003786646974,11.449086714421316
0.27704704036042477,-0.28058065236561525,11.44096753748178
0.22123994495685737,-0.32546917381207174,11.433071867993586
0.13716057999872297,-0.3759689258066431,11.425400015255299
0.01276803153315276,-0.43106873948595403,11.417952334051513
-0.08491838468214255,-0.4876069519521435,11.410729132904589
-0.14931768797828854,-0.5429851596184027,11.40373075018627
-0.18751192311767992,-0.5934341489770647,11.396957464507631
-0.17821589124496537,-0.6361498893368615,11.390409598199799
-0.12902370195486723,-0.6684538141332241,11.384087302267167
-0.03026283263285898,-0.6872931554523785,11.37799068325429
0.05110034994749346,-0.6895056913563405,11.372119631342043
0.11253664227012987,-0.6721327702723474,11.36647406359534
0.1526964037680474,-0.6326814073090993,11.36105379773355
0.1516433302335054,-0.5681075901990373,11.355858741764582
0.10952183567949031,-0.4816838293031872,11.350888719440068
0.014481217597949217,-0.3711311429106441,11.34614360516473
-0.06749769016355858,-0.24058978431578815,11.341623237913737
-0.1372587585682514,-0.08996326552293171,11.337327475770635
-0.1857326208566613,0.07856154887204395,11.33325616836753
-0.19448901604725075,0.26375710947816783,11.32940916830443
-0.1559590921796139,0.46102431535907834,11.325786276868381
-0.0563451159500509,0.6685801984977556,11.322387275342749
0.03925571699168239,0.8818056976608132,11.319211666317123
0.13498479665967741,1.097861165606701,11.316258890873135
0.21979364936899184,1.3143437059331922,11.313528223426848
0.27726661774028055,1.528007754203582,11.31101901886356
0.31365677549425797,1.7349643484840693,11.308730547852644
0.3173341762835875,1.9321569374902894,11.306662137985397
0.31187134241605385,2.117050138530014,11.304813099667626
0.2940620243013545,2.2863986631822852,11.303182743997219
0.22004703718544097,2.439707887525458,11.301770372622205
0.08956592392833111,2.5742236307469635,11.300575296232184
-0.0554562401820514,2.6893241284356098,11.299596594259722
-0.22331290751608057,2.78308675003104,11.298833202969142
-0.33423513532473303,2.853290873809074,11.298283851704019
-0.37298434373237827,2.898310274107162,11.297947345773578
-0.4103647435792427,2.9179786432546857,11.297822404868837
-0.4229607831707778,2.910686860298995,11.297907810183917
-0.2561107021354788,2.8778772670624386,11.298202314996443
0.1002834504034995,2.818745297092576,11.298704681470248
0.3874442725292709,2.7335116310179797,11.29941367364132
0.6289907712984216,2.6220763471212107,11.300328052246915
0.5994628612419659,2.4869871973266515,11.301446488154772
0.21694081801862636,2.328474391736043,11.302767682204712
-0.06108259883009794,2.153189158199153,11.304290244347152
-0.2964466598967885,1.9626577437413943,11.306012860407598
-0.3609535852215602,1.7621330358445921,11.307934163076137
-0.15201064572424414,1.5549027842985421,11.310052812098801
-0.10945295025926573,1.345465579466303,11.312367448703261
-0.18689631576312027,1.1377043250866457,11.314876724333528
-0.15306670446696372,0.9335108330387614,11.31757929401876
-0.07646233462450741,0.7367085289344435,11.32047380708579
-0.03283878769261931,0.5480139947909622,11.32355891940245
-0.0019999949833368804,0.37039132775918665,11.326833282667083
0.018108512836360148,0.2049131091772944,11.330295546416572
0.014798488044066874,0.053757311703492835,11.333944363188225
-0.006514813522028035,-0.08472264835525185,11.337778390921306
-0.0510047341412159,-0.2093267238145622,11.341796281828234
-0.08215453490069416,-0.3266871885684983,11.345996732798977
-0.09821942769608143,-0.43716435338683135,11.350378402267351
-0.07484241535743144,-0.542826919081617,11.354940032539925
0.0014922827727357865,-0.6459000292644349,11.359680301193478
0.07777378440803451,-0.7448230354303048,11.364597995899263
0.16317222884012691,-0.8413017024530598,11.36969182749341
0.23410914089945617,-0.9350514750745419,11.374960622420222
0.27912727974093765,-1.0266801450320175,11.380403131472502
0.28729896845257175,-1.116376515536034,11.386018217057202
0.24476747641737012,-1.2045052446558562,11.391804660855787
0.16357975018532236,-1.287692309253718,11.397761340640265
0.03347802906489896,-1.3658793548682202,11.403887069224464
-0.10605279180769693,-1.4355456634205688,11.410180735104534
-0.25405421879215606,-1.4953651271270751,11.416641175688365
-0.3360627145192894,-1.5428689674414682,11.423267291029273
-0.33325402445513813,-1.5760556716675154,11.430057938194285
-0.3824219863619177,-1.5943757079546523,11.437012020060521
-0.4659622552987445,-1.5958951281481064,11.444128409573775
-0.40731821021003844,-1.5844432167198796,11.451406007310016
-0.21581323815347714,-1.5591636655341499,11.458843696731412
0.204399924958147,-1.523085972801841,11.46644037089738
0.9082450477979942,-1.4770283210778494,11.474194918578647
